id,sinav_turu,yil,konu,alt_konu,soru_tipi,zorluk,soru_metin,secenek_A,secenek_B,secenek_C,secenek_D,secenek_E,dogru_cevap,kaynak_turu,gorsel_bagimli,text_input,stratify_col
187,LGS,2025,Kareköklü İfadeler,Alan ve Geometri,Problem,Kolay,Evde √18 br genişliğinde iki pencere kapıya eşit √8 br uzaklıkta. Pencerelerin en uzak köşeleri arası 14√2 br. Kapının genişliği kaç birimdir?,√18,√24,√32,√50,√60,C,Kitap,destekleyici,"[SORU] Evde √18 br genişliğinde iki pencere kapıya eşit √8 br uzaklıkta. Pencerelerin en uzak köşeleri arası 14√2 br. Kapının genişliği kaç birimdir?
[A] √18
[B] √24
[C] √32
[D] √50
[E] √60",Alan ve Geometri_Problem
610,LGS,2022,Kareköklü İfadeler,Alan ve Geometri,Yorum,Zor,Çevresi √800 cm olan dikdörtgen kağıt kare ve dikdörtgen olarak ayrılıyor. Kare kenarı √8 cm ise dikdörtgenin alanı kaçtır?,16,24,32,40,,B,MEB,bagimli,"[SORU] Çevresi √800 cm olan dikdörtgen kağıt kare ve dikdörtgen olarak ayrılıyor. Kare kenarı √8 cm ise dikdörtgenin alanı kaçtır?
[A] 16
[B] 24
[C] 32
[D] 40
[GÖRSEL] Bu soru görsele bağlıdır.",Alan ve Geometri_Yorum
356,LGS,2020,Kareköklü İfadeler,Kök Sadeleştirme,Hesaplama,Orta,√72 · √27 / √36 işleminin sonucu aşağıdaki sayılardan hangisi ile çarpılırsa sonuç bir doğal sayı olur?,√6,√5,√3,√2,,A,Kitap,yok,"[SORU] √72 · √27 / √36 işleminin sonucu aşağıdaki sayılardan hangisi ile çarpılırsa sonuç bir doğal sayı olur?
[A] √6
[B] √5
[C] √3
[D] √2",Kök Sadeleştirme_Hesaplama
637,LGS,2022,Kareköklü İfadeler,Alan ve Geometri,Yorum,Orta,Bir karenin alanı 98 cm²’dir. Bu karenin bir kenarı kaç cm’dir?,7√2,14,√49,2√7,,A,MEB,yok,"[SORU] Bir karenin alanı 98 cm²’dir. Bu karenin bir kenarı kaç cm’dir?
[A] 7√2
[B] 14
[C] √49
[D] 2√7",Alan ve Geometri_Yorum
163,LGS,2025,Kareköklü İfadeler,İşlem ve Sadeleştirme,Hesaplama,Kolay,√3 . (√2 + 1) - (√12 / √2) - (√6 / √3) işlemi kaça eşittir?,0,√2,√3,√3 - √2,2,D,Kitap,yok,"[SORU] √3 . (√2 + 1) - (√12 / √2) - (√6 / √3) işlemi kaça eşittir?
[A] 0
[B] √2
[C] √3
[D] √3 - √2
[E] 2",İşlem ve Sadeleştirme_Hesaplama
453,LGS,2025,Kareköklü İfadeler,Algoritmik / Mantıksal Problemler,Problem,Zor,"Aşağıdaki mavi ve beyaz bölmeden oluşan eş kartların her bir bölümünde bir sayı yazmaktadır. Bu kartlar belirli bir kurala göre birbirine yapıştırılacaktır. Bu kurala göre kartlar, farklı renkteki bölümler yan yana gelecek ve yan yana olan bölümlerde yazan sayıların değeri birbirine eşit olacak biçimde yapıştırılacaktır. Bu kartlardan ilk ikisinin yapıştırılmış hâli aşağıda verilmiştir. Bu dört kartın yapıştırılması tamamlandıktan sonra aynı kurala göre, dördüncü kartın sağına bir kart daha yapıştırılırsa bu kart aşağıdakilerden hangisi olabilir?",6 √81,9 √64,25 √36,4 √25,,A,MEB,bagimli,"[SORU] Aşağıdaki mavi ve beyaz bölmeden oluşan eş kartların her bir bölümünde bir sayı yazmaktadır. Bu kartlar belirli bir kurala göre birbirine yapıştırılacaktır. Bu kurala göre kartlar, farklı renkteki bölümler yan yana gelecek ve yan yana olan bölümlerde yazan sayıların değeri birbirine eşit olacak biçimde yapıştırılacaktır. Bu kartlardan ilk ikisinin yapıştırılmış hâli aşağıda verilmiştir. Bu dört kartın yapıştırılması tamamlandıktan sonra aynı kurala göre, dördüncü kartın sağına bir kart daha yapıştırılırsa bu kart aşağıdakilerden hangisi olabilir?
[A] 6 √81
[B] 9 √64
[C] 25 √36
[D] 4 √25
[GÖRSEL] Bu soru görsele bağlıdır.",Algoritmik / Mantıksal Problemler_Problem
52,LGS,2020,Kareköklü İfadeler,Üslü ve Köklü İfadeler,Hesaplama,Orta,"√2 = m, √5 = n olmak üzere 0,016'nın m ve n cinsinden değeri aşağıdakilerden hangisidir?",m³/n²,m²/n²,m/n³,m²/n,m/n,C,Deneme,yok,"[SORU] √2 = m, √5 = n olmak üzere 0,016'nın m ve n cinsinden değeri aşağıdakilerden hangisidir?
[A] m³/n²
[B] m²/n²
[C] m/n³
[D] m²/n
[E] m/n",Üslü ve Köklü İfadeler_Hesaplama
268,LGS,2025,Kareköklü ifadeler,İşlem ve Sadeleştirme,Hesaplama,Orta,(2√28 − √63) / √7 işleminin sonucu kaçtır?,1,√2,2,√7,7,A,Kitap,yok,"[SORU] (2√28 − √63) / √7 işleminin sonucu kaçtır?
[A] 1
[B] √2
[C] 2
[D] √7
[E] 7",İşlem ve Sadeleştirme_Hesaplama
506,LGS,2025,Kareköklü İfadeler,Alan ve Geometri,Hesaplama,Kolay,Kenar uzunlukları √50 cm ve √18 cm olan bir dikdörtgenin çevresi kaç santimetredir?,4√2,2√17,2√34,16√2,,D,MEB,yok,"[SORU] Kenar uzunlukları √50 cm ve √18 cm olan bir dikdörtgenin çevresi kaç santimetredir?
[A] 4√2
[B] 2√17
[C] 2√34
[D] 16√2",Alan ve Geometri_Hesaplama
180,LGS,2025,Kareköklü İfadeler,Üslü ve Köklü İfadeler,Hesaplama,Kolay,√(7 + √48) - 3^(1/2) işlemi kaça eşittir?,2,3,4,5,6,A,Kitap,yok,"[SORU] √(7 + √48) - 3^(1/2) işlemi kaça eşittir?
[A] 2
[B] 3
[C] 4
[D] 5
[E] 6",Üslü ve Köklü İfadeler_Hesaplama
525,LGS,2025,Kareköklü İfadeler,Yaklaşık Değer,Yorum,Orta,"Görselde bir oyuncak araba 10 cm'lik bir cetvelin üzerine konulmuştur. Arabanın arkası 2 cm hizasında, önü ise 8 ile 9 cm arasındadır (yaklaşık 8.5 civarı). Buna göre oyuncak arabanın boyu santimetre cinsinden aşağıdakilerden hangisi olabilir?",4√2,2√10,5√3,7√2,,B,MEB,bagimli,"[SORU] Görselde bir oyuncak araba 10 cm'lik bir cetvelin üzerine konulmuştur. Arabanın arkası 2 cm hizasında, önü ise 8 ile 9 cm arasındadır (yaklaşık 8.5 civarı). Buna göre oyuncak arabanın boyu santimetre cinsinden aşağıdakilerden hangisi olabilir?
[A] 4√2
[B] 2√10
[C] 5√3
[D] 7√2
[GÖRSEL] Bu soru görsele bağlıdır.",Yaklaşık Değer_Yorum
251,LGS,2025,Kareköklü ifadeler,Rasyonelleştirme,Hesaplama,Orta,3/(√7 − 2√10) + 3/(√7 + 2√10) işlemi kaça eşittir?,√2,3√2,4,2√5,2√7,D,Kitap,yok,"[SORU] 3/(√7 − 2√10) + 3/(√7 + 2√10) işlemi kaça eşittir?
[A] √2
[B] 3√2
[C] 4
[D] 2√5
[E] 2√7",Rasyonelleştirme_Hesaplama
615,LGS,2021,Kareköklü İfadeler,Alan ve Geometri,Yorum,Orta,Karelere ayrılan dikdörtgen kağıdın başlangıçtaki alanı hangisi olamaz?,40,90,160,240,,D,MEB,bagimli,"[SORU] Karelere ayrılan dikdörtgen kağıdın başlangıçtaki alanı hangisi olamaz?
[A] 40
[B] 90
[C] 160
[D] 240
[GÖRSEL] Bu soru görsele bağlıdır.",Alan ve Geometri_Yorum
93,LGS,2025,Kareköklü İfadeler,Problem Çözme,Problem,Orta,Deniz kenarında duran Mert kendisinden 4 metre uzaktaki arkadaşı Selma'nın yanına kadar yüzecek sonra geri gelip deniz kenarından 2 metre uzaktaki şezlongunda yatacaktır. Mert denizde 2 saniyede √2 metre karada ise bir saniyede √2 metre ilerliyor. Buna göre en az kaç tam saniyede şezlongunda yatar olur?,11,12,13,14,15,C,Örnek,bagimli,"[SORU] Deniz kenarında duran Mert kendisinden 4 metre uzaktaki arkadaşı Selma'nın yanına kadar yüzecek sonra geri gelip deniz kenarından 2 metre uzaktaki şezlongunda yatacaktır. Mert denizde 2 saniyede √2 metre karada ise bir saniyede √2 metre ilerliyor. Buna göre en az kaç tam saniyede şezlongunda yatar olur?
[A] 11
[B] 12
[C] 13
[D] 14
[E] 15
[GÖRSEL] Bu soru görsele bağlıdır.",Problem Çözme_Problem
308,LGS,2024,Kareköklü İfadeler,Karşılaştırma ve Sıralama,Problem,Orta,"Ali, Ayşe ve Elif üç farklı dart tahtasına birer atış yapıyor ve yarışma puanı atış puanlarının çarpımıyla belirleniyor. Elif birinci, Ali ikinci, Ayşe üçüncü olduğuna göre tabloda boş bırakılan yerlere hangisi gelemez?","√3,1,2","2√3,2√7,4√2","2,√3,√5","3,√5,√10",-,A,Deneme,bagimli,"[SORU] Ali, Ayşe ve Elif üç farklı dart tahtasına birer atış yapıyor ve yarışma puanı atış puanlarının çarpımıyla belirleniyor. Elif birinci, Ali ikinci, Ayşe üçüncü olduğuna göre tabloda boş bırakılan yerlere hangisi gelemez?
[A] √3,1,2
[B] 2√3,2√7,4√2
[C] 2,√3,√5
[D] 3,√5,√10
[E] -
[GÖRSEL] Bu soru görsele bağlıdır.",Karşılaştırma ve Sıralama_Problem
439,LGS,2025,Kareköklü İfadeler,Denklemler,Hesaplama,Orta,"(3√5 · () · √3) / √125 işleminin sonucu 9’a eşit olduğuna göre, () aşağıdakilerden hangisidir?",5√5,5√3,3√5,√3,,B,MEB,yok,"[SORU] (3√5 · () · √3) / √125 işleminin sonucu 9’a eşit olduğuna göre, () aşağıdakilerden hangisidir?
[A] 5√5
[B] 5√3
[C] 3√5
[D] √3",Denklemler_Hesaplama
495,LGS,2025,Kareköklü İfadeler,İşlem ve Sadeleştirme,Hesaplama,Kolay,√72 + √81 − √162 işleminin sonucu kaçtır?,6,6√2,6√2 − 9,9 − 3√2,,D,MEB,yok,"[SORU] √72 + √81 − √162 işleminin sonucu kaçtır?
[A] 6
[B] 6√2
[C] 6√2 − 9
[D] 9 − 3√2",İşlem ve Sadeleştirme_Hesaplama
239,LGS,2025,Kareköklü ifadeler,Yaklaşık Değer,Problem,Zor,"M iki basamaklı, N üç basamaklı birer doğal sayıdır. √M + √N = √605 olduğuna göre M + N toplamı en az kaç olabilir?",275,325,365,425,455,B,Kitap,yok,"[SORU] M iki basamaklı, N üç basamaklı birer doğal sayıdır. √M + √N = √605 olduğuna göre M + N toplamı en az kaç olabilir?
[A] 275
[B] 325
[C] 365
[D] 425
[E] 455",Yaklaşık Değer_Problem
594,LGS,2025,Kareköklü İfadeler,Yaklaşık Değer,Yorum,Orta,Oyuncular forma numaralarının karekökünün en yakın olduğu tam sayı kadar basket atıyor. Alp ile aynı sayıda basket atan başka oyuncu yoktur. Alp’in forma numarası kaçtır?,12,20,40,53,,C,MEB,bagimli,"[SORU] Oyuncular forma numaralarının karekökünün en yakın olduğu tam sayı kadar basket atıyor. Alp ile aynı sayıda basket atan başka oyuncu yoktur. Alp’in forma numarası kaçtır?
[A] 12
[B] 20
[C] 40
[D] 53
[GÖRSEL] Bu soru görsele bağlıdır.",Yaklaşık Değer_Yorum
443,LGS,2025,Kareköklü İfadeler,Tam Sayı / Özel Tanımlar,Hesaplama,Kolay,"81, 75, 121, 256, 16, 64, 36, 42, 24 sayılarından tanesi tam kare doğal sayı değildir?",6,5,4,3,,D,MEB,yok,"[SORU] 81, 75, 121, 256, 16, 64, 36, 42, 24 sayılarından tanesi tam kare doğal sayı değildir?
[A] 6
[B] 5
[C] 4
[D] 3",Tam Sayı / Özel Tanımlar_Hesaplama
433,LGS,2025,Kareköklü İfadeler,İşlem ve Sadeleştirme,Hesaplama,Kolay,(2√8 · √18) / √36 işleminin sonucu kaçtır?,1,√2,4,4√2,,C,MEB,yok,"[SORU] (2√8 · √18) / √36 işleminin sonucu kaçtır?
[A] 1
[B] √2
[C] 4
[D] 4√2",İşlem ve Sadeleştirme_Hesaplama
386,LGS,2020,Kareköklü İfadeler,İşlem ve Sadeleştirme,Hesaplama,Orta,"1/√0,36 − 1/√0,09 işleminin sonucu kaçtır?",-5/3,-5/4,-5/6,-5/9,,D,Kitap,yok,"[SORU] 1/√0,36 − 1/√0,09 işleminin sonucu kaçtır?
[A] -5/3
[B] -5/4
[C] -5/6
[D] -5/9",İşlem ve Sadeleştirme_Hesaplama
71,LGS,2020,Kareköklü İfadeler,Tam Sayı / Özel Tanımlar,Yorum,Zor,√(M − 1) ve √(M + 20) sayıları birer tam sayıdır. Buna göre M sayısının alabileceği değerler toplamı kaçtır?,48,71,88,94,106,B,Örnek,yok,"[SORU] √(M − 1) ve √(M + 20) sayıları birer tam sayıdır. Buna göre M sayısının alabileceği değerler toplamı kaçtır?
[A] 48
[B] 71
[C] 88
[D] 94
[E] 106",Tam Sayı / Özel Tanımlar_Yorum
98,LGS,2022,Kareköklü İfadeler,Yaklaşık Değer,Problem,Orta,"Basketbolcular forma numaralarının karekökünün en yakın olduğu tam sayı kadar basket atıyorlar. (Forma No: 53, 12, 40, 29, 20, 8, 45, 24, 15, 10). Alp ile aynı sayıda basket atan başka oyuncu olmadığına göre Alp'in forma numarası kaçtır?",12,20,40,53,60,C,MEB,destekleyici,"[SORU] Basketbolcular forma numaralarının karekökünün en yakın olduğu tam sayı kadar basket atıyorlar. (Forma No: 53, 12, 40, 29, 20, 8, 45, 24, 15, 10). Alp ile aynı sayıda basket atan başka oyuncu olmadığına göre Alp'in forma numarası kaçtır?
[A] 12
[B] 20
[C] 40
[D] 53
[E] 60",Yaklaşık Değer_Problem
302,LGS,2024,Kareköklü İfadeler,Alan ve Geometri,Problem,Orta,Alanları verilen dört kare yan yana eklenerek bir doğru parçası elde ediliyor. Bu doğru parçasının uzunluğu olan a sayısı hangi iki doğal sayı arasındadır?,10-11,12-13,15-16,17-18,-,C,Deneme,bagimli,"[SORU] Alanları verilen dört kare yan yana eklenerek bir doğru parçası elde ediliyor. Bu doğru parçasının uzunluğu olan a sayısı hangi iki doğal sayı arasındadır?
[A] 10-11
[B] 12-13
[C] 15-16
[D] 17-18
[E] -
[GÖRSEL] Bu soru görsele bağlıdır.",Alan ve Geometri_Problem
127,LGS,2022,Kareköklü İfadeler,Alan ve Geometri,Problem,Zor,"Sarı karton alanı 5 dm², Mavi 7 dm². Dikdörtgen levha etrafına diziliyor. Levha çevresi kaç dm?",54,52,50,48,46,B,MEB,bagimli,"[SORU] Sarı karton alanı 5 dm², Mavi 7 dm². Dikdörtgen levha etrafına diziliyor. Levha çevresi kaç dm?
[A] 54
[B] 52
[C] 50
[D] 48
[E] 46
[GÖRSEL] Bu soru görsele bağlıdır.",Alan ve Geometri_Problem
114,LGS,2022,Kareköklü İfadeler,Yaklaşık Değer,Yorum,Kolay,"20 cm'lik cetvelde kalemtıraşın bir ucu 18.5 civarında, diğer ucu 15.5 civarında (uzunluk yaklaşık 2.8 - 2.9 cm). Kalemtıraşın uzunluğu hangisi olabilir?",3√2,2√3,2√2,√6,√10,C,MEB,destekleyici,"[SORU] 20 cm'lik cetvelde kalemtıraşın bir ucu 18.5 civarında, diğer ucu 15.5 civarında (uzunluk yaklaşık 2.8 - 2.9 cm). Kalemtıraşın uzunluğu hangisi olabilir?
[A] 3√2
[B] 2√3
[C] 2√2
[D] √6
[E] √10",Yaklaşık Değer_Yorum
323,LGS,2024,Kareköklü Sayılar,Tam Sayı / Özel Tanımlar,Yorum,Orta,"Doğum tarihi 12.09.2004 olan bir öğrenci √12, √09, √04 ve √2,94 sayılarının rasyonel veya irrasyonel olmasına göre bir şifre oluşturuyor. Buna göre oluşan şifre aşağıdakilerden hangisidir?",Q I I I,I Q I I,I I Q Q,I Q Q I,,A,Deneme,yok,"[SORU] Doğum tarihi 12.09.2004 olan bir öğrenci √12, √09, √04 ve √2,94 sayılarının rasyonel veya irrasyonel olmasına göre bir şifre oluşturuyor. Buna göre oluşan şifre aşağıdakilerden hangisidir?
[A] Q I I I
[B] I Q I I
[C] I I Q Q
[D] I Q Q I",Tam Sayı / Özel Tanımlar_Yorum
407,LGS,2025,Kareköklü İfadeler,Karşılaştırma ve Sıralama,Yorum,Orta,Aşağıdakilerden hangisindeki sayıların çarpımının sonucu diğerlerinden büyüktür?,3√2 ve √2,2√3 ve √3,2√6 ve 2√6,√5 ve 3√5,,C,MEB,yok,"[SORU] Aşağıdakilerden hangisindeki sayıların çarpımının sonucu diğerlerinden büyüktür?
[A] 3√2 ve √2
[B] 2√3 ve √3
[C] 2√6 ve 2√6
[D] √5 ve 3√5",Karşılaştırma ve Sıralama_Yorum
670,LGS,2019,Kareköklü İfadeler,Alan ve Geometri,Yorum,Orta,"Selim, bir yüzünün alanı 150 cm² olan küp şeklindeki bir oyuncağı hediye kutusuna koymuştur. Bu oyuncak, aşağıda ayrıt uzunlukları verilen dik prizma şeklindeki hediye kutularından hangisinin içinde olabilir?",A,B,C,D,,A,MEB,destekleyici,"[SORU] Selim, bir yüzünün alanı 150 cm² olan küp şeklindeki bir oyuncağı hediye kutusuna koymuştur. Bu oyuncak, aşağıda ayrıt uzunlukları verilen dik prizma şeklindeki hediye kutularından hangisinin içinde olabilir?
[A] A
[B] B
[C] C
[D] D",Alan ve Geometri_Yorum
168,LGS,2025,Kareköklü İfadeler,Üslü ve Köklü İfadeler,Hesaplama,Kolay,√(18 . √(1 + √9)) işlemi kaça eşittir?,-1,0,1,6,7,D,Kitap,yok,"[SORU] √(18 . √(1 + √9)) işlemi kaça eşittir?
[A] -1
[B] 0
[C] 1
[D] 6
[E] 7",Üslü ve Köklü İfadeler_Hesaplama
90,LGS,2020,Kareköklü İfadeler,Tam Sayı / Özel Tanımlar,Yorum,Zor,a ve b tam sayılar olmak üzere √x = a√b için √x sayısının alabileceği değerler toplamı ile √x = b√a sayısının alabileceği değerler toplamının oranı √72/√72 oranı kaça eşittir?,"0,06","0,12",1/18,11/28,"0,3",B,Deneme,yok,"[SORU] a ve b tam sayılar olmak üzere √x = a√b için √x sayısının alabileceği değerler toplamı ile √x = b√a sayısının alabileceği değerler toplamının oranı √72/√72 oranı kaça eşittir?
[A] 0,06
[B] 0,12
[C] 1/18
[D] 11/28
[E] 0,3",Tam Sayı / Özel Tanımlar_Yorum
383,LGS,2020,Kareköklü İfadeler,Denklemler,Hesaplama,Kolay,"x + √3,61 = 0,01 olduğuna göre x kaçtır?","-1,8","-0,6","0,6","1,8",,A,Kitap,yok,"[SORU] x + √3,61 = 0,01 olduğuna göre x kaçtır?
[A] -1,8
[B] -0,6
[C] 0,6
[D] 1,8",Denklemler_Hesaplama
546,LGS,2025,Kareköklü İfadeler,Alan ve Geometri,Problem,Zor,Alanı 224√5 cm² olan panoya kısa kenarı 2 cm olan renkli dikdörtgenler diziliyor. Sarı dikdörtgenin uzun kenarı kaç cm'dir?,6√5,7√5,8√5,9√5,,C,MEB,bagimli,"[SORU] Alanı 224√5 cm² olan panoya kısa kenarı 2 cm olan renkli dikdörtgenler diziliyor. Sarı dikdörtgenin uzun kenarı kaç cm'dir?
[A] 6√5
[B] 7√5
[C] 8√5
[D] 9√5
[GÖRSEL] Bu soru görsele bağlıdır.",Alan ve Geometri_Problem
611,LGS,2023,Kareköklü İfadeler,Alan ve Geometri,Yorum,Orta,Aynı ipe dizilen eşkenar üçgen bayraklardan mavi olanın bir kenarı kaç cm'dir?,2√2,8√2/3,4√2,16√2/3,,D,MEB,bagimli,"[SORU] Aynı ipe dizilen eşkenar üçgen bayraklardan mavi olanın bir kenarı kaç cm'dir?
[A] 2√2
[B] 8√2/3
[C] 4√2
[D] 16√2/3
[GÖRSEL] Bu soru görsele bağlıdır.",Alan ve Geometri_Yorum
377,LGS,2020,Kareköklü İfadeler,İşlem ve Sadeleştirme,Hesaplama,Orta,√(128/9) + √98 − √50 işleminin sonucu aşağıdakilerden hangisidir?,4√2,12√2,14√2/3,20√2/3,,A,Kitap,yok,"[SORU] √(128/9) + √98 − √50 işleminin sonucu aşağıdakilerden hangisidir?
[A] 4√2
[B] 12√2
[C] 14√2/3
[D] 20√2/3",İşlem ve Sadeleştirme_Hesaplama
190,LGS,2021,Kareköklü İfadeler,Alan ve Geometri,Problem,Zor,"Eşkenar üçgen şeklindeki beş karton, dikdörtgen şeklindeki panonun ön yüzüne, birer kenarları ve birer köşeleri çakıştırılarak panonun yüzünde taşmayacak biçimde yukarıdaki gibi yerleştirilmiştir. Birer kenarları aynı doğru parçası üzerinde ve birer köşeleri ortak olan eşkenar üçgenlerin benzerlik oranı 1/2’dir. Bu üçgenlerden birinin çevresinin uzunluğu 96 cm olduğuna göre panonun ön yüzünün alanı en az kaç santimetrekaredir?",672√3,832√3,908√3,992√3,-,A,MEB,bagimli,"[SORU] Eşkenar üçgen şeklindeki beş karton, dikdörtgen şeklindeki panonun ön yüzüne, birer kenarları ve birer köşeleri çakıştırılarak panonun yüzünde taşmayacak biçimde yukarıdaki gibi yerleştirilmiştir. Birer kenarları aynı doğru parçası üzerinde ve birer köşeleri ortak olan eşkenar üçgenlerin benzerlik oranı 1/2’dir. Bu üçgenlerden birinin çevresinin uzunluğu 96 cm olduğuna göre panonun ön yüzünün alanı en az kaç santimetrekaredir?
[A] 672√3
[B] 832√3
[C] 908√3
[D] 992√3
[E] -
[GÖRSEL] Bu soru görsele bağlıdır.",Alan ve Geometri_Problem
625,LGS,2019,Kareköklü İfadeler,Problem Çözme,Yorum,Zor,Bir vincin havada tuttuğu inşaat malzemesinin yerden yüksekliği √125 m ve malzemenin vincin koluna uzaklığı √45 m’dir. Malzeme √5 m yukarı çekildiğinde son durumda yükseklik farkı kaç metredir?,2√5,3√5,4√5,5√5,,C,MEB,bagimli,"[SORU] Bir vincin havada tuttuğu inşaat malzemesinin yerden yüksekliği √125 m ve malzemenin vincin koluna uzaklığı √45 m’dir. Malzeme √5 m yukarı çekildiğinde son durumda yükseklik farkı kaç metredir?
[A] 2√5
[B] 3√5
[C] 4√5
[D] 5√5
[GÖRSEL] Bu soru görsele bağlıdır.",Problem Çözme_Yorum
474,LGS,2025,Kareköklü İfadeler,Yaklaşık Değer,Yorum,Kolay,√50 sayısı aşağıdakilerden hangisine daha yakındır?,7,8,9,10,,D,MEB,yok,"[SORU] √50 sayısı aşağıdakilerden hangisine daha yakındır?
[A] 7
[B] 8
[C] 9
[D] 10",Yaklaşık Değer_Yorum
581,LGS,2025,Kareköklü İfadeler,Problem Çözme,Problem,Orta,"Derece kürsüsü. Kare yüzey alanları 980, 720, 405 cm². 1. ve 3. boy farkı, 1. ve 2. boy farkının kaç katıdır?",2,"2,5",3,"3,5",,B,MEB,bagimli,"[SORU] Derece kürsüsü. Kare yüzey alanları 980, 720, 405 cm². 1. ve 3. boy farkı, 1. ve 2. boy farkının kaç katıdır?
[A] 2
[B] 2,5
[C] 3
[D] 3,5
[GÖRSEL] Bu soru görsele bağlıdır.",Problem Çözme_Problem
231,LGS,2025,Kareköklü ifadeler,Üslü ve Köklü İfadeler,Hesaplama,Kolay,Aşağıdakilerden hangisi veya hangileri doğrudur? I) √(9 - 2√14) = √7 - √2 II) √(7 + √40) = √5 + √2 III) √(2·(4 + √15)) = √5 + √3,I,II,"I, III","II, III",Hepsi,E,Kitap,yok,"[SORU] Aşağıdakilerden hangisi veya hangileri doğrudur? I) √(9 - 2√14) = √7 - √2 II) √(7 + √40) = √5 + √2 III) √(2·(4 + √15)) = √5 + √3
[A] I
[B] II
[C] I, III
[D] II, III
[E] Hepsi",Üslü ve Köklü İfadeler_Hesaplama
162,LGS,2025,Kareköklü İfadeler,Üslü ve Köklü İfadeler,Yorum,Kolay,"Aşağıdakilerden hangisi veya hangileri doğrudur? I) √3 = 3^(1/2), II) ³√(5^2) = 5^(2/3), III) ⁴√7 = 7^4",I,II,I ve II,II ve III,III,C,Kitap,yok,"[SORU] Aşağıdakilerden hangisi veya hangileri doğrudur? I) √3 = 3^(1/2), II) ³√(5^2) = 5^(2/3), III) ⁴√7 = 7^4
[A] I
[B] II
[C] I ve II
[D] II ve III
[E] III",Üslü ve Köklü İfadeler_Yorum
401,LGS,2020,Kareköklü İfadeler,Tam Sayı / Özel Tanımlar,Yorum,Orta,"√25/2, −√121, −π, 2,95, 3√3, √8, −0,07 sayılarından kaç tanesi rasyonel sayıdır?",1,2,3,4,,D,Kitap,yok,"[SORU] √25/2, −√121, −π, 2,95, 3√3, √8, −0,07 sayılarından kaç tanesi rasyonel sayıdır?
[A] 1
[B] 2
[C] 3
[D] 4",Tam Sayı / Özel Tanımlar_Yorum
567,LGS,2025,Kareköklü İfadeler,Karşılaştırma ve Sıralama,Yorum,Kolay,"pH cetveli görseli. Bulaşık deterjanı 5√2, Portakal suyu 2√2, Çay 3√3, Süt √35. pH 7'den küçükler asidik. Kaç tanesi asidik?",1,2,3,4,,C,MEB,destekleyici,"[SORU] pH cetveli görseli. Bulaşık deterjanı 5√2, Portakal suyu 2√2, Çay 3√3, Süt √35. pH 7'den küçükler asidik. Kaç tanesi asidik?
[A] 1
[B] 2
[C] 3
[D] 4",Karşılaştırma ve Sıralama_Yorum
99,LGS,2022,Kareköklü İfadeler,Problem Çözme,Hesaplama,Zor,"Doruk, ayrıtları √20 cm, √20 cm ve 0,2 cm olan prizma biçimindeki 15 taşı aralarında eşit mesafe olacak şekilde dizmiştir. İlk taş devrildiğinde son taş hariç hepsi sırasıyla devriliyor. Ardışık taşlar arasındaki uzaklık bir tam sayı olduğuna göre A ile B noktaları arasındaki uzaklık en fazla kaç cm olur?",57,59,61,63,65,B,MEB,bagimli,"[SORU] Doruk, ayrıtları √20 cm, √20 cm ve 0,2 cm olan prizma biçimindeki 15 taşı aralarında eşit mesafe olacak şekilde dizmiştir. İlk taş devrildiğinde son taş hariç hepsi sırasıyla devriliyor. Ardışık taşlar arasındaki uzaklık bir tam sayı olduğuna göre A ile B noktaları arasındaki uzaklık en fazla kaç cm olur?
[A] 57
[B] 59
[C] 61
[D] 63
[E] 65
[GÖRSEL] Bu soru görsele bağlıdır.",Problem Çözme_Hesaplama
140,LGS,2025,Kareköklü İfadeler,Tam Sayı / Özel Tanımlar,Yorum,Kolay,"Aşağıdakilerden hangisi veya hangileri doğrudur? I) √4=8, II) ³√8=2, III) ⁴√16=2",I,II,I ve II,II ve III,"I, II ve III",D,Kitap,yok,"[SORU] Aşağıdakilerden hangisi veya hangileri doğrudur? I) √4=8, II) ³√8=2, III) ⁴√16=2
[A] I
[B] II
[C] I ve II
[D] II ve III
[E] I, II ve III",Tam Sayı / Özel Tanımlar_Yorum
573,LGS,2025,Kareköklü İfadeler,Karşılaştırma ve Sıralama,Yorum,Kolay,Duatlon yarışında 4 sporcunun köklü sayılarla verilen etap sürelerine göre toplam süresi en az olan sporcu kimdir?,Harun,Erdem,Mustafa,Bülent,,A,MEB,destekleyici,"[SORU] Duatlon yarışında 4 sporcunun köklü sayılarla verilen etap sürelerine göre toplam süresi en az olan sporcu kimdir?
[A] Harun
[B] Erdem
[C] Mustafa
[D] Bülent",Karşılaştırma ve Sıralama_Yorum
319,LGS,2024,Kareköklü İfadeler,Karşılaştırma ve Sıralama,Problem,Orta,"√A metre yüksekliğindeki bir kamyon K(5 m), L(4 m), M(3 m) altından geçip N(2 m) altından geçemeyip duruyor. Buna göre A kaç olabilir?","13,69","5,76","3,24","1,96",-,B,Deneme,destekleyici,"[SORU] √A metre yüksekliğindeki bir kamyon K(5 m), L(4 m), M(3 m) altından geçip N(2 m) altından geçemeyip duruyor. Buna göre A kaç olabilir?
[A] 13,69
[B] 5,76
[C] 3,24
[D] 1,96
[E] -",Karşılaştırma ve Sıralama_Problem
39,LGS,2020,Kareköklü İfadeler,Karşılaştırma ve Sıralama,Yorum,Kolay,"a=√2, b=√3, c=⁴√4, d=⁶√6. En küçükten büyüğe sıralı ikili hangisidir?",d ve b,b ve c,a ve b,d ve a,c ve a,E,Deneme,yok,"[SORU] a=√2, b=√3, c=⁴√4, d=⁶√6. En küçükten büyüğe sıralı ikili hangisidir?
[A] d ve b
[B] b ve c
[C] a ve b
[D] d ve a
[E] c ve a",Karşılaştırma ve Sıralama_Yorum
235,LGS,2025,Kareköklü ifadeler,Denklemler,Hesaplama,Kolay,√(x - 2) + √(10 - 2x) + ³√x ifadesinde A bir reel sayı ise x kaç farklı tam sayı değeri alabilir?,2,3,4,5,6,C,Kitap,yok,"[SORU] √(x - 2) + √(10 - 2x) + ³√x ifadesinde A bir reel sayı ise x kaç farklı tam sayı değeri alabilir?
[A] 2
[B] 3
[C] 4
[D] 5
[E] 6",Denklemler_Hesaplama
213,LGS,2025,Kareköklü İfadeler,Problem Çözme,Problem,Zor,"İki yanıp sönen ışıktan mavi olan 2³√2 dakikada bir, kırmızı olan 4⁶√4 dakikada bir yanıyor. Buna göre iki lamba beraber yandıktan sonra bir daha beraber yanacakları sürede ikisi toplam kaç defa yanmış olur?",3,4,5,6,7,A,Kitap,yok,"[SORU] İki yanıp sönen ışıktan mavi olan 2³√2 dakikada bir, kırmızı olan 4⁶√4 dakikada bir yanıyor. Buna göre iki lamba beraber yandıktan sonra bir daha beraber yanacakları sürede ikisi toplam kaç defa yanmış olur?
[A] 3
[B] 4
[C] 5
[D] 6
[E] 7",Problem Çözme_Problem
446,LGS,2025,Kareköklü İfadeler,Tam Sayı / Özel Tanımlar,Hesaplama,Kolay,Birler basamağı 9 olan üç basamaklı kaç tane tam kare sayı vardır?,4,5,6,7,,A,MEB,yok,"[SORU] Birler basamağı 9 olan üç basamaklı kaç tane tam kare sayı vardır?
[A] 4
[B] 5
[C] 6
[D] 7",Tam Sayı / Özel Tanımlar_Hesaplama
226,LGS,2025,Kareköklü ifadeler,Üslü ve Köklü İfadeler,Hesaplama,Kolay,Aşağıdakilerden hangisi veya hangileri doğrudur? I) 5^(1/3)=³√5 II) 2^(2/5)=⁵√4 III) 7^(1/2)=√7,I,II,"I, III","I, II",Hepsi,E,Kitap,yok,"[SORU] Aşağıdakilerden hangisi veya hangileri doğrudur? I) 5^(1/3)=³√5 II) 2^(2/5)=⁵√4 III) 7^(1/2)=√7
[A] I
[B] II
[C] I, III
[D] I, II
[E] Hepsi",Üslü ve Köklü İfadeler_Hesaplama
95,LGS,2022,Kareköklü İfadeler,Yaklaşık Değer,Problem,Kolay,"1'den 16'ya kadar numaralandırılmış 16 top kurallara göre 4 torbaya atılacaktır. Sayı tam kare ise kareköküne eşit numaralı (Örn: 4 tam kare ve √4=2 olduğundan 2. torbaya), tam kare değil ise kareköküne en yakın numaralı (Örn: 2 tam kare değil ve √2'nin en yakını 1 olduğundan 1. torbaya) torbaya atılacaktır. Buna göre 3. torbada kaç top olur?",4,5,6,7,8,C,MEB,destekleyici,"[SORU] 1'den 16'ya kadar numaralandırılmış 16 top kurallara göre 4 torbaya atılacaktır. Sayı tam kare ise kareköküne eşit numaralı (Örn: 4 tam kare ve √4=2 olduğundan 2. torbaya), tam kare değil ise kareköküne en yakın numaralı (Örn: 2 tam kare değil ve √2'nin en yakını 1 olduğundan 1. torbaya) torbaya atılacaktır. Buna göre 3. torbada kaç top olur?
[A] 4
[B] 5
[C] 6
[D] 7
[E] 8",Yaklaşık Değer_Problem
543,LGS,2025,Kareköklü İfadeler,Karşılaştırma ve Sıralama,Yorum,Orta,"Sayı doğrusunda verilen K, L ve M noktalarına ait kareköklerin çarpımı bir doğal sayıdır. Bu sayı kaçtır?",40,36,30,20,,A,MEB,bagimli,"[SORU] Sayı doğrusunda verilen K, L ve M noktalarına ait kareköklerin çarpımı bir doğal sayıdır. Bu sayı kaçtır?
[A] 40
[B] 36
[C] 30
[D] 20
[GÖRSEL] Bu soru görsele bağlıdır.",Karşılaştırma ve Sıralama_Yorum
384,LGS,2020,Kareköklü İfadeler,Üslü ve Köklü İfadeler,Hesaplama,Kolay,√(3/5) ifadesi aşağıdakilerden hangisine eşittir?,6/5,2,18/5,4,,A,Örnek,yok,"[SORU] √(3/5) ifadesi aşağıdakilerden hangisine eşittir?
[A] 6/5
[B] 2
[C] 18/5
[D] 4",Üslü ve Köklü İfadeler_Hesaplama
658,LGS,2022,Kareköklü İfadeler,İşlem ve Sadeleştirme,Yorum,Orta,√98 + √2 işleminin sonucu kaçtır?,10√2,7√2,√100,8√2,,B,MEB,yok,"[SORU] √98 + √2 işleminin sonucu kaçtır?
[A] 10√2
[B] 7√2
[C] √100
[D] 8√2",İşlem ve Sadeleştirme_Yorum
552,LGS,2025,Kareköklü İfadeler,Problem Çözme,Problem,Orta,Sepetteki bilyelerin toplam kütlesi belirli bir aralıkta ve 20'ye yakındır. Mavi bilye sayısı hangisi olamaz?,8,6,5,2,,B,MEB,bagimli,"[SORU] Sepetteki bilyelerin toplam kütlesi belirli bir aralıkta ve 20'ye yakındır. Mavi bilye sayısı hangisi olamaz?
[A] 8
[B] 6
[C] 5
[D] 2
[GÖRSEL] Bu soru görsele bağlıdır.",Problem Çözme_Problem
34,LGS,2020,Kareköklü İfadeler,Denklemler,Hesaplama,Orta,2^(2x+3) = 24 ise 2^(x−1) kaç eşittir?,√2,√3,2√3,3√2,2√5,C,Örnek,yok,"[SORU] 2^(2x+3) = 24 ise 2^(x−1) kaç eşittir?
[A] √2
[B] √3
[C] 2√3
[D] 3√2
[E] 2√5",Denklemler_Hesaplama
554,LGS,2025,Kareköklü İfadeler,Alan ve Geometri,Problem,Orta,İki kare bahçede bulunan havuzlara A köşesinden çekilecek su kanalının en kısa uzunluğu kaç dam'dır?,21√2,19√2,15√2,11√2,,C,MEB,bagimli,"[SORU] İki kare bahçede bulunan havuzlara A köşesinden çekilecek su kanalının en kısa uzunluğu kaç dam'dır?
[A] 21√2
[B] 19√2
[C] 15√2
[D] 11√2
[GÖRSEL] Bu soru görsele bağlıdır.",Alan ve Geometri_Problem
556,LGS,2025,Kareköklü İfadeler,Alan ve Geometri,Problem,Orta,Ali ve Eren'in bahçeleri birleştiriliyor. Verilen köklü kenar uzunluklarına göre Eren'in bahçesinin çevresi kaç hm'dir?,12√2,14√2,18√2,24√2,,C,MEB,bagimli,"[SORU] Ali ve Eren'in bahçeleri birleştiriliyor. Verilen köklü kenar uzunluklarına göre Eren'in bahçesinin çevresi kaç hm'dir?
[A] 12√2
[B] 14√2
[C] 18√2
[D] 24√2
[GÖRSEL] Bu soru görsele bağlıdır.",Alan ve Geometri_Problem
396,LGS,2020,Kareköklü İfadeler,Tam Sayı / Özel Tanımlar,Hesaplama,Orta,"2,49 devirli ondalık gösteriminin rasyonel sayı olarak ifadesi aşağıdakilerden hangisidir?",5/2,25/11,83/33,249/90,,A,Kitap,yok,"[SORU] 2,49 devirli ondalık gösteriminin rasyonel sayı olarak ifadesi aşağıdakilerden hangisidir?
[A] 5/2
[B] 25/11
[C] 83/33
[D] 249/90",Tam Sayı / Özel Tanımlar_Hesaplama
580,LGS,2025,Kareköklü İfadeler,Algoritmik / Mantıksal Problemler,Problem,Orta,Hedef tahtasında puanlama kuralına göre hangi puan elde edilemez?,3,7,9,11,,C,MEB,bagimli,"[SORU] Hedef tahtasında puanlama kuralına göre hangi puan elde edilemez?
[A] 3
[B] 7
[C] 9
[D] 11
[GÖRSEL] Bu soru görsele bağlıdır.",Algoritmik / Mantıksal Problemler_Problem
576,LGS,2025,Kareköklü İfadeler,Yaklaşık Değer,Yorum,Orta,Uzun atlama pistinde verilen mesafelere göre Hayat'ın uzaklığı aşağıdakilerden hangisi olabilir?,2√3,3√2,2√6,3√3,,C,MEB,bagimli,"[SORU] Uzun atlama pistinde verilen mesafelere göre Hayat'ın uzaklığı aşağıdakilerden hangisi olabilir?
[A] 2√3
[B] 3√2
[C] 2√6
[D] 3√3
[GÖRSEL] Bu soru görsele bağlıdır.",Yaklaşık Değer_Yorum
23,LGS,2020,Kareköklü İfadeler,İşlem ve Sadeleştirme,Hesaplama,Kolay,⁴√16 − 3√54 + ⁵√4 işleminin sonucu kaçtır?,0,³√2,√2,2,2³√2,A,Kitap,yok,"[SORU] ⁴√16 − 3√54 + ⁵√4 işleminin sonucu kaçtır?
[A] 0
[B] ³√2
[C] √2
[D] 2
[E] 2³√2",İşlem ve Sadeleştirme_Hesaplama
534,LGS,2025,Kareköklü İfadeler,İşlem ve Sadeleştirme,Hesaplama,Kolay,Uzunluğu 2 dm olan kağıt kesilerek elde edilen dikdörtgenlerden birinin uzun kenarı aşağıdakilerden hangisi olamaz?,"0,5","√0,36","√0,49","0,8",,B,MEB,bagimli,"[SORU] Uzunluğu 2 dm olan kağıt kesilerek elde edilen dikdörtgenlerden birinin uzun kenarı aşağıdakilerden hangisi olamaz?
[A] 0,5
[B] √0,36
[C] √0,49
[D] 0,8
[GÖRSEL] Bu soru görsele bağlıdır.",İşlem ve Sadeleştirme_Hesaplama
538,LGS,2025,Kareköklü İfadeler,Problem Çözme,Problem,Orta,Bir lambanın iki farklı konumda verilen uzaklıklarına göre lambanın ayağının uzunluğu kaç cm'dir?,6√10,10√10,16√10,22√10,,D,MEB,bagimli,"[SORU] Bir lambanın iki farklı konumda verilen uzaklıklarına göre lambanın ayağının uzunluğu kaç cm'dir?
[A] 6√10
[B] 10√10
[C] 16√10
[D] 22√10
[GÖRSEL] Bu soru görsele bağlıdır.",Problem Çözme_Problem
399,LGS,2020,Kareköklü İfadeler,Tam Sayı / Özel Tanımlar,Hesaplama,Orta,"0,0x devirli = 1/15 olduğuna göre x kaçtır?",2,3,5,6,,D,Deneme,yok,"[SORU] 0,0x devirli = 1/15 olduğuna göre x kaçtır?
[A] 2
[B] 3
[C] 5
[D] 6",Tam Sayı / Özel Tanımlar_Hesaplama
536,LGS,2025,Kareköklü İfadeler,Alan ve Geometri,Problem,Zor,Dikdörtgen kağıt kesilip üçgenler elde edilerek yeni bir şekil oluşturuluyor. Bu yeni şeklin çevresi kaç cm'dir?,52√2,52√2 + 10,62√2,62√2 + 10,,C,MEB,bagimli,"[SORU] Dikdörtgen kağıt kesilip üçgenler elde edilerek yeni bir şekil oluşturuluyor. Bu yeni şeklin çevresi kaç cm'dir?
[A] 52√2
[B] 52√2 + 10
[C] 62√2
[D] 62√2 + 10
[GÖRSEL] Bu soru görsele bağlıdır.",Alan ve Geometri_Problem
166,LGS,2025,Kareköklü İfadeler,Denklemler,Hesaplama,Kolay,⁴√(3^(4x+6)) = √(3^(x+6)) ise x kaça eşittir?,2,3,4,5,6,B,Kitap,yok,"[SORU] ⁴√(3^(4x+6)) = √(3^(x+6)) ise x kaça eşittir?
[A] 2
[B] 3
[C] 4
[D] 5
[E] 6",Denklemler_Hesaplama
436,LGS,2025,Kareköklü İfadeler,İşlem ve Sadeleştirme,Hesaplama,Orta,(√27 / √12) ÷ (√18 / √32) işleminin sonucu kaçtır?,2,2√2,2√3,4,,A,MEB,yok,"[SORU] (√27 / √12) ÷ (√18 / √32) işleminin sonucu kaçtır?
[A] 2
[B] 2√2
[C] 2√3
[D] 4",İşlem ve Sadeleştirme_Hesaplama
338,LGS,2020,Kareköklü İfadeler,Alan ve Geometri,Problem,Zor,"Yukarıdaki şekilde alanları 25 m², 16 m², 9 m² ve 4 m² olan karelerin köşeleri uç uca eklenmiştir. Buna göre karelerin köşelerinde bulunan A noktasından B noktasına kenarlar kullanılarak gidilen en kısa uzaklık kaç metredir?",14,24,32,34,,A,Deneme,bagimli,"[SORU] Yukarıdaki şekilde alanları 25 m², 16 m², 9 m² ve 4 m² olan karelerin köşeleri uç uca eklenmiştir. Buna göre karelerin köşelerinde bulunan A noktasından B noktasına kenarlar kullanılarak gidilen en kısa uzaklık kaç metredir?
[A] 14
[B] 24
[C] 32
[D] 34
[GÖRSEL] Bu soru görsele bağlıdır.",Alan ve Geometri_Problem
77,LGS,2020,Kareköklü İfadeler,Üslü ve Köklü İfadeler,Hesaplama,Orta,6/(³√4) + ³√16 işleminin sonucu aşağıdakilerden hangisidir?,³√5,2³√3,5³√2,6³√3,12,C,Örnek,yok,"[SORU] 6/(³√4) + ³√16 işleminin sonucu aşağıdakilerden hangisidir?
[A] ³√5
[B] 2³√3
[C] 5³√2
[D] 6³√3
[E] 12",Üslü ve Köklü İfadeler_Hesaplama
17,LGS,2020,Kareköklü İfadeler,Problem Çözme,Problem,Orta,Deniz 0’dan n’ye kadar doğal sayıların karelerini topluyor; kesir kısmı olmayan toplam 40. Buna göre n kaçtır?,17,18,19,20,21,D,Örnek,yok,"[SORU] Deniz 0’dan n’ye kadar doğal sayıların karelerini topluyor; kesir kısmı olmayan toplam 40. Buna göre n kaçtır?
[A] 17
[B] 18
[C] 19
[D] 20
[E] 21",Problem Çözme_Problem
112,LGS,2022,Kareköklü İfadeler,Alan ve Geometri,Problem,Zor,"Kürsüdeki kare yüzeylerin alanları: 1.lik 720 cm², 2.lik 980 cm², 3.lük 405 cm². 1. ve 3. arasındaki boy farkı, 1. ve 2. arasındaki farkın kaç katıdır?",2,"2,5",3,"3,5",4,B,MEB,destekleyici,"[SORU] Kürsüdeki kare yüzeylerin alanları: 1.lik 720 cm², 2.lik 980 cm², 3.lük 405 cm². 1. ve 3. arasındaki boy farkı, 1. ve 2. arasındaki farkın kaç katıdır?
[A] 2
[B] 2,5
[C] 3
[D] 3,5
[E] 4",Alan ve Geometri_Problem
390,LGS,2020,Kareköklü İfadeler,Yaklaşık Değer,Yorum,Orta,"√0,4 + √1,7 işleminin sonucu kaçtır?",3/5,1,2,21/10,,C,Kitap,yok,"[SORU] √0,4 + √1,7 işleminin sonucu kaçtır?
[A] 3/5
[B] 1
[C] 2
[D] 21/10",Yaklaşık Değer_Yorum
646,LGS,2018,Kareköklü İfadeler,İşlem ve Sadeleştirme,Yorum,Orta,√27 ÷ √3 işleminin sonucu kaçtır?,3,√9,√3,9,,A,MEB,yok,"[SORU] √27 ÷ √3 işleminin sonucu kaçtır?
[A] 3
[B] √9
[C] √3
[D] 9",İşlem ve Sadeleştirme_Yorum
208,LGS,2019,Kareköklü İfadeler,Alan ve Geometri,Hesaplama,Orta,ABCD dikdörtgeni biçimindeki bir kâğıt parçasının bir yüzüne aşağıdaki gibi 10 eş dikdörtgen çizilip bu dikdörtgenler boyanıyor. Kâğıdın bu yüzündeki boyanmayan bölgelerin alanları toplamı 30 cm² olduğuna göre ABCD dikdörtgeninin köşegenlerinden birinin uzunluğu kaç santimetredir?,3√10,5√26,10√13,26√10,-,C,MEB,bagimli,"[SORU] ABCD dikdörtgeni biçimindeki bir kâğıt parçasının bir yüzüne aşağıdaki gibi 10 eş dikdörtgen çizilip bu dikdörtgenler boyanıyor. Kâğıdın bu yüzündeki boyanmayan bölgelerin alanları toplamı 30 cm² olduğuna göre ABCD dikdörtgeninin köşegenlerinden birinin uzunluğu kaç santimetredir?
[A] 3√10
[B] 5√26
[C] 10√13
[D] 26√10
[E] -
[GÖRSEL] Bu soru görsele bağlıdır.",Alan ve Geometri_Hesaplama
312,LGS,2024,Kareköklü İfadeler,Problem Çözme,Problem,Zor,Köklü sayılarla verilen ölçülerdeki bir alan boyanarak 'HAYAT EVE SIĞAR' yazısı oluşturuluyor. Boya tüplerinin kapladığı alan ve fiyatları verilmiştir. Buna göre boyama için en az kaç TL ödenmiştir?,202,296,346,370,-,C,Deneme,bagimli,"[SORU] Köklü sayılarla verilen ölçülerdeki bir alan boyanarak 'HAYAT EVE SIĞAR' yazısı oluşturuluyor. Boya tüplerinin kapladığı alan ve fiyatları verilmiştir. Buna göre boyama için en az kaç TL ödenmiştir?
[A] 202
[B] 296
[C] 346
[D] 370
[E] -
[GÖRSEL] Bu soru görsele bağlıdır.",Problem Çözme_Problem
32,LGS,2020,Kareköklü İfadeler,Rasyonelleştirme,Hesaplama,Kolay,√24 sayısını kaç ile çarparsak rasyonel olur?,√2,√3,√6,3√2,∛8,C,Kitap,yok,"[SORU] √24 sayısını kaç ile çarparsak rasyonel olur?
[A] √2
[B] √3
[C] √6
[D] 3√2
[E] ∛8",Rasyonelleştirme_Hesaplama
669,LGS,2019,Kareköklü İfadeler,Problem Çözme,Yorum,Zor,"Görseldeki 10 metrelik düz bir pistte Can başlangıç çizgisinde, Ali ise Can'ın 1 metre önünde durmaktadır. Ali ve Can bu pistte aynı anda bitiş çizgisine doğru yürümeye başlamıştır. Ali √48 metre, Can √65 metre yürüdükten sonra durmuştur. Buna göre Ali ve Can'ın son durumdaki konumları ile ilgili aşağıdakilerden hangisi yanlıştır?",Ali'nin bitiş çizgisine olan uzaklığı 2 metreden fazla 3 metreden azdır.,Can'ın bitiş çizgisine olan uzaklığı 1 metreden fazla 2 metreden azdır.,"Can'ın bitiş çizgisine olan uzaklığı, Ali'nin bitiş çizgisine olan uzaklığından azdır.",Ali ile Can'ın birbirine olan uzaklığı 1 metreden fazladır.,,D,MEB,bagimli,"[SORU] Görseldeki 10 metrelik düz bir pistte Can başlangıç çizgisinde, Ali ise Can'ın 1 metre önünde durmaktadır. Ali ve Can bu pistte aynı anda bitiş çizgisine doğru yürümeye başlamıştır. Ali √48 metre, Can √65 metre yürüdükten sonra durmuştur. Buna göre Ali ve Can'ın son durumdaki konumları ile ilgili aşağıdakilerden hangisi yanlıştır?
[A] Ali'nin bitiş çizgisine olan uzaklığı 2 metreden fazla 3 metreden azdır.
[B] Can'ın bitiş çizgisine olan uzaklığı 1 metreden fazla 2 metreden azdır.
[C] Can'ın bitiş çizgisine olan uzaklığı, Ali'nin bitiş çizgisine olan uzaklığından azdır.
[D] Ali ile Can'ın birbirine olan uzaklığı 1 metreden fazladır.
[GÖRSEL] Bu soru görsele bağlıdır.",Problem Çözme_Yorum
179,LGS,2025,Kareköklü İfadeler,Üslü ve Köklü İfadeler,Hesaplama,Kolay,√(11 + 2√28) + √(16 - 2√63) işlemi kaça eşittir?,2,3,4,5,6,D,Kitap,yok,"[SORU] √(11 + 2√28) + √(16 - 2√63) işlemi kaça eşittir?
[A] 2
[B] 3
[C] 4
[D] 5
[E] 6",Üslü ve Köklü İfadeler_Hesaplama
519,LGS,2025,Kareköklü İfadeler,Tam Sayı / Özel Tanımlar,Yorum,Orta,√(38-x) sayısı bir rasyonel sayı olduğuna göre x yerine aşağıdaki sayılardan hangisi yazılamaz?,-11,18,29,38,,B,MEB,yok,"[SORU] √(38-x) sayısı bir rasyonel sayı olduğuna göre x yerine aşağıdaki sayılardan hangisi yazılamaz?
[A] -11
[B] 18
[C] 29
[D] 38",Tam Sayı / Özel Tanımlar_Yorum
603,LGS,2024,Kareköklü İfadeler,Üslü ve Köklü İfadeler,Yorum,Kolay,Aşağıdakilerden hangisi bir irrasyonel sayıdır?,√14,"1,2̅","√1,44",12,,A,MEB,yok,"[SORU] Aşağıdakilerden hangisi bir irrasyonel sayıdır?
[A] √14
[B] 1,2̅
[C] √1,44
[D] 12",Üslü ve Köklü İfadeler_Yorum
413,LGS,2025,Kareköklü İfadeler,Üslü ve Köklü İfadeler,Hesaplama,Orta,"a = √2, b = √3, c = √5 olduğuna göre √540 sayısının a, b ve c türünden eşiti aşağıdakilerden hangisidir?",a² · b³ · c,a · b³ · c²,a² · b² · c,a² · b² · c²,,A,MEB,yok,"[SORU] a = √2, b = √3, c = √5 olduğuna göre √540 sayısının a, b ve c türünden eşiti aşağıdakilerden hangisidir?
[A] a² · b³ · c
[B] a · b³ · c²
[C] a² · b² · c
[D] a² · b² · c²",Üslü ve Köklü İfadeler_Hesaplama
258,LGS,2021,Kareköklü ifadeler,Alan ve Geometri,Hesaplama,Orta,Kenarlarının uzunlukları x cm ve 3x cm olan dikdörtgen şeklindeki karton ile bir yüzünün alanı 80 cm² olan kare şeklindeki kâğıt aşağıda verilmiştir. Bu karton ve kâğıt üst üste yerleştirildiğinde ikişer köşeleri aşağıdaki gibi çakışmaktadır. Buna göre dikdörtgen şeklindeki kartonun çevresinin uzunluğu kaç santimetredir?,32,16√10,64,24√10,-,A,MEB,bagimli,"[SORU] Kenarlarının uzunlukları x cm ve 3x cm olan dikdörtgen şeklindeki karton ile bir yüzünün alanı 80 cm² olan kare şeklindeki kâğıt aşağıda verilmiştir. Bu karton ve kâğıt üst üste yerleştirildiğinde ikişer köşeleri aşağıdaki gibi çakışmaktadır. Buna göre dikdörtgen şeklindeki kartonun çevresinin uzunluğu kaç santimetredir?
[A] 32
[B] 16√10
[C] 64
[D] 24√10
[E] -
[GÖRSEL] Bu soru görsele bağlıdır.",Alan ve Geometri_Hesaplama
96,LGS,2022,Kareköklü İfadeler,Algoritmik / Mantıksal Problemler,Problem,Orta,"Bilgisayar programı: 1. Adım: Girilen sayıyı oku. 2. Adım: Sayının karekökünü al. 3. Adım: Sonuç tam sayı ise 5. adıma git, değilse 4. adımdan devam et. 4. Adım: Sonucu birler basamağına yuvarla ve 2. adımdan devam et. 5. Adım: Sonucu ekrana yaz. Klavyeden 226 sayısı girildiğinde ekranda yazan sayı kaçtır?",1,2,3,5,7,B,MEB,destekleyici,"[SORU] Bilgisayar programı: 1. Adım: Girilen sayıyı oku. 2. Adım: Sayının karekökünü al. 3. Adım: Sonuç tam sayı ise 5. adıma git, değilse 4. adımdan devam et. 4. Adım: Sonucu birler basamağına yuvarla ve 2. adımdan devam et. 5. Adım: Sonucu ekrana yaz. Klavyeden 226 sayısı girildiğinde ekranda yazan sayı kaçtır?
[A] 1
[B] 2
[C] 3
[D] 5
[E] 7",Algoritmik / Mantıksal Problemler_Problem
435,LGS,2025,Kareköklü İfadeler,İşlem ve Sadeleştirme,Hesaplama,Orta,(√125 · √48) / √75 : (1 / √5) işleminin sonucu kaçtır?,4,8,20,25,,C,MEB,yok,"[SORU] (√125 · √48) / √75 : (1 / √5) işleminin sonucu kaçtır?
[A] 4
[B] 8
[C] 20
[D] 25",İşlem ve Sadeleştirme_Hesaplama
42,LGS,2020,Kareköklü İfadeler,Üslü ve Köklü İfadeler,Hesaplama,Kolay,(√6 · ³√4 · ⁵√4)/(⁴√9) işleminin sonucu kaçtır?,√3,2√2,³√2,⁴√3,⁶√6,A,Deneme,bagimli,"[SORU] (√6 · ³√4 · ⁵√4)/(⁴√9) işleminin sonucu kaçtır?
[A] √3
[B] 2√2
[C] ³√2
[D] ⁴√3
[E] ⁶√6
[GÖRSEL] Bu soru görsele bağlıdır.",Üslü ve Köklü İfadeler_Hesaplama
680,LGS,2019,Kareköklü İfadeler,Denklemler,Hesaplama,Kolay,"a√7 = √63 olduğuna göre, a sayısı kaçtır?",-9,-3,3,9,,C,MEB,yok,"[SORU] a√7 = √63 olduğuna göre, a sayısı kaçtır?
[A] -9
[B] -3
[C] 3
[D] 9",Denklemler_Hesaplama
205,LGS,2025,Kareköklü İfadeler,Üslü ve Köklü İfadeler,Hesaplama,Kolay,Yukarıdaki demir çubuğun bir parçası √(6 − 2√8) birim diğer parçası √(3 + 2√2) birimdir. Buna göre bu çubuğun toplam boyu kaç birimdir?,√2 − 1,√2,3,2 + √2,4,C,Kitap,destekleyici,"[SORU] Yukarıdaki demir çubuğun bir parçası √(6 − 2√8) birim diğer parçası √(3 + 2√2) birimdir. Buna göre bu çubuğun toplam boyu kaç birimdir?
[A] √2 − 1
[B] √2
[C] 3
[D] 2 + √2
[E] 4",Üslü ve Köklü İfadeler_Hesaplama
306,LGS,2024,Kareköklü İfadeler,Alan ve Geometri,Problem,Orta,Kenarları köklü sayılarla verilen bir dikdörtgen ardışık olarak ikiye katlanıp köşelerinden kareler kesiliyor. Kalan şeklin alanı kaç santimetrekaredir?,280√2−128,280√2−32,560√2−128,560√2−32,-,A,Deneme,bagimli,"[SORU] Kenarları köklü sayılarla verilen bir dikdörtgen ardışık olarak ikiye katlanıp köşelerinden kareler kesiliyor. Kalan şeklin alanı kaç santimetrekaredir?
[A] 280√2−128
[B] 280√2−32
[C] 560√2−128
[D] 560√2−32
[E] -
[GÖRSEL] Bu soru görsele bağlıdır.",Alan ve Geometri_Problem
496,LGS,2025,Kareköklü İfadeler,İşlem ve Sadeleştirme,Hesaplama,Kolay,(3√6 + √6) − (√6 − 2√6) işleminin sonucu kaçtır?,√6,2√6,3√6,5√6,,D,MEB,yok,"[SORU] (3√6 + √6) − (√6 − 2√6) işleminin sonucu kaçtır?
[A] √6
[B] 2√6
[C] 3√6
[D] 5√6",İşlem ve Sadeleştirme_Hesaplama
89,LGS,2020,Kareköklü İfadeler,Problem Çözme,Problem,Zor,Bir binanın katları arasındaki basamakların ön yüzlerine dördüncü dereceden köklerin içine 4’ten başlayarak 4’e tam bölünen ardışık sayılar yazılmıştır. Verilen bilgilere göre bu bina kaç katlıdır?,15,18,20,24,25,C,Kitap,bagimli,"[SORU] Bir binanın katları arasındaki basamakların ön yüzlerine dördüncü dereceden köklerin içine 4’ten başlayarak 4’e tam bölünen ardışık sayılar yazılmıştır. Verilen bilgilere göre bu bina kaç katlıdır?
[A] 15
[B] 18
[C] 20
[D] 24
[E] 25
[GÖRSEL] Bu soru görsele bağlıdır.",Problem Çözme_Problem
452,LGS,2025,Kareköklü İfadeler,İşlem ve Sadeleştirme,Hesaplama,Orta,√49 + √144 − √81 işleminin sonucu aşağıdakilerden hangisine eşittir?,√64,√100,√121,√225,,B,MEB,yok,"[SORU] √49 + √144 − √81 işleminin sonucu aşağıdakilerden hangisine eşittir?
[A] √64
[B] √100
[C] √121
[D] √225",İşlem ve Sadeleştirme_Hesaplama
566,LGS,2025,Kareköklü İfadeler,Alan ve Geometri,Problem,Orta,Çevresi 60√2 cm olan karton 50 eş kareye bölünüp boyanıyor. Boyalı alan 160 cm². Yırtılan kısımda kaç boyalı kare vardır?,3,9,11,13,,D,MEB,bagimli,"[SORU] Çevresi 60√2 cm olan karton 50 eş kareye bölünüp boyanıyor. Boyalı alan 160 cm². Yırtılan kısımda kaç boyalı kare vardır?
[A] 3
[B] 9
[C] 11
[D] 13
[GÖRSEL] Bu soru görsele bağlıdır.",Alan ve Geometri_Problem
125,LGS,2022,Kareköklü İfadeler,Alan ve Geometri,Hesaplama,Orta,"Havuz etrafı. Taş alanı 0,0625 m². 200 taş var. Dikdörtgen bölgenin çevresi kaç m?",98,100,106,104,102,E,MEB,destekleyici,"[SORU] Havuz etrafı. Taş alanı 0,0625 m². 200 taş var. Dikdörtgen bölgenin çevresi kaç m?
[A] 98
[B] 100
[C] 106
[D] 104
[E] 102",Alan ve Geometri_Hesaplama
274,LGS,2025,Kareköklü ifadeler,Alan ve Geometri,Problem,Orta,"Yukarıdaki görselde bir duvardaki zemine paralel olan ve üst tarafları aynı hizada olan kare şeklinde bir pencere ve pencerenin solunda yine kare şeklinde bir tablo görülmektedir. Pencerenin çevresi √800 birim, tablonun çevresi √288 birimdir. Tablonun sol üst köşesi ile pencerenin sağ üst köşesi arasındaki mesafe √200 birimdir. Buna göre tablo ile pencere arası kaç birimdir?",√2,√3,√6,2√2,3√2,D,Kitap,bagimli,"[SORU] Yukarıdaki görselde bir duvardaki zemine paralel olan ve üst tarafları aynı hizada olan kare şeklinde bir pencere ve pencerenin solunda yine kare şeklinde bir tablo görülmektedir. Pencerenin çevresi √800 birim, tablonun çevresi √288 birimdir. Tablonun sol üst köşesi ile pencerenin sağ üst köşesi arasındaki mesafe √200 birimdir. Buna göre tablo ile pencere arası kaç birimdir?
[A] √2
[B] √3
[C] √6
[D] 2√2
[E] 3√2
[GÖRSEL] Bu soru görsele bağlıdır.",Alan ve Geometri_Problem
126,LGS,2022,Kareköklü İfadeler,Problem Çözme,Problem,Orta,"Raf genişliği 3,2 m. Kutu genişliği 12√5 cm. En çok kaç kutu sığar?",31,35,36,39,42,B,MEB,destekleyici,"[SORU] Raf genişliği 3,2 m. Kutu genişliği 12√5 cm. En çok kaç kutu sığar?
[A] 31
[B] 35
[C] 36
[D] 39
[E] 42",Problem Çözme_Problem
59,LGS,2020,Kareköklü İfadeler,Üslü ve Köklü İfadeler,Hesaplama,Orta,"(2^2,5 − 2^0,5) / 3^0,5 işleminin sonucu kaçtır?",√2,√3,√6,2√3,3√2,C,Kitap,yok,"[SORU] (2^2,5 − 2^0,5) / 3^0,5 işleminin sonucu kaçtır?
[A] √2
[B] √3
[C] √6
[D] 2√3
[E] 3√2",Üslü ve Köklü İfadeler_Hesaplama
167,LGS,2025,Kareköklü İfadeler,Üslü ve Köklü İfadeler,Hesaplama,Kolay,√3 . ³√3 . ⁶√3 çarpımı aşağıdakilerden hangisine eşittir?,1,³√3,3,3√3,4,C,Kitap,yok,"[SORU] √3 . ³√3 . ⁶√3 çarpımı aşağıdakilerden hangisine eşittir?
[A] 1
[B] ³√3
[C] 3
[D] 3√3
[E] 4",Üslü ve Köklü İfadeler_Hesaplama
175,LGS,2025,Kareköklü İfadeler,Rasyonelleştirme,Hesaplama,Kolay,7 / (3 - √2) - 1 / (√2 + 1) işlemi kaça eşittir?,1,√2,6,5,4,E,Kitap,yok,"[SORU] 7 / (3 - √2) - 1 / (√2 + 1) işlemi kaça eşittir?
[A] 1
[B] √2
[C] 6
[D] 5
[E] 4",Rasyonelleştirme_Hesaplama
568,LGS,2025,Kareköklü İfadeler,Problem Çözme,Problem,Zor,Bora ve Işıl oyun oynuyor. Ayakkabı uzunlukları √512 cm ve √450 cm. 11. adımda Işıl kazanıyor. A-B arası mesafe dm cinsinden tam sayı. Hangisi olabilir?,51,56,61,66,,B,MEB,bagimli,"[SORU] Bora ve Işıl oyun oynuyor. Ayakkabı uzunlukları √512 cm ve √450 cm. 11. adımda Işıl kazanıyor. A-B arası mesafe dm cinsinden tam sayı. Hangisi olabilir?
[A] 51
[B] 56
[C] 61
[D] 66
[GÖRSEL] Bu soru görsele bağlıdır.",Problem Çözme_Problem
431,LGS,2025,Kareköklü İfadeler,Problem Çözme,Problem,Kolay,"Uzunluğu √80 cm olan bir tel, √5 cm uzunluğunda eş parçalara ayrıldığında kaç parça elde edilir?",4,8,16,20,,A,MEB,yok,"[SORU] Uzunluğu √80 cm olan bir tel, √5 cm uzunluğunda eş parçalara ayrıldığında kaç parça elde edilir?
[A] 4
[B] 8
[C] 16
[D] 20",Problem Çözme_Problem
176,LGS,2025,Kareköklü İfadeler,Rasyonelleştirme,Hesaplama,Kolay,(√3 - 1) / (√3 + 1) + 3/√3 işlemi kaça eşittir?,1/√3,2,√3,3,17√3,B,Kitap,yok,"[SORU] (√3 - 1) / (√3 + 1) + 3/√3 işlemi kaça eşittir?
[A] 1/√3
[B] 2
[C] √3
[D] 3
[E] 17√3",Rasyonelleştirme_Hesaplama
434,LGS,2025,Kareköklü İfadeler,İşlem ve Sadeleştirme,Hesaplama,Orta,(4√7 · √32) / (2√14) işleminin sonucu aşağıdakilerden hangisidir?,2√2,4,4√2,8,,D,MEB,yok,"[SORU] (4√7 · √32) / (2√14) işleminin sonucu aşağıdakilerden hangisidir?
[A] 2√2
[B] 4
[C] 4√2
[D] 8",İşlem ve Sadeleştirme_Hesaplama
642,LGS,2022,Kareköklü İfadeler,Alan ve Geometri,Yorum,Orta,Alanı 162 cm² olan bir karenin çevresi kaç cm’dir?,36√2,18√2,72,9√2,,A,MEB,yok,"[SORU] Alanı 162 cm² olan bir karenin çevresi kaç cm’dir?
[A] 36√2
[B] 18√2
[C] 72
[D] 9√2",Alan ve Geometri_Yorum
655,LGS,2019,Kareköklü İfadeler,Alan ve Geometri,Yorum,Orta,"Bir dikdörtgenin alanı 90 cm², uzun kenarı √10 cm’dir. Kısa kenarı kaç cm’dir?",9√10,3√10,30,√9,,B,MEB,yok,"[SORU] Bir dikdörtgenin alanı 90 cm², uzun kenarı √10 cm’dir. Kısa kenarı kaç cm’dir?
[A] 9√10
[B] 3√10
[C] 30
[D] √9",Alan ve Geometri_Yorum
690,LGS,2019,Kareköklü İfadeler,İşlem ve Sadeleştirme,Hesaplama,Orta,a ve b birer doğal sayıdır. √48 = a√b olduğuna göre a'nın alabileceği değerlerin toplamı kaçtır?,4,7,8,12,,B,MEB,yok,"[SORU] a ve b birer doğal sayıdır. √48 = a√b olduğuna göre a'nın alabileceği değerlerin toplamı kaçtır?
[A] 4
[B] 7
[C] 8
[D] 12",İşlem ve Sadeleştirme_Hesaplama
503,LGS,2025,Kareköklü İfadeler,Problem Çözme,Hesaplama,Kolay,Bir karınca √180 metrelik bir yolun √125 metrelik kısmını yürümüştür. Geriye kaç metrelik yol kalmıştır?,√55,5√5,2√5,√5,,D,MEB,yok,"[SORU] Bir karınca √180 metrelik bir yolun √125 metrelik kısmını yürümüştür. Geriye kaç metrelik yol kalmıştır?
[A] √55
[B] 5√5
[C] 2√5
[D] √5",Problem Çözme_Hesaplama
37,LGS,2020,Kareköklü İfadeler,İşlem ve Sadeleştirme,Hesaplama,Orta,√(18 + 6√4 − 2√3) işlemi kaça eşittir?,1,√3,3,√3+1,3+√3,D,Örnek,yok,"[SORU] √(18 + 6√4 − 2√3) işlemi kaça eşittir?
[A] 1
[B] √3
[C] 3
[D] √3+1
[E] 3+√3",İşlem ve Sadeleştirme_Hesaplama
68,LGS,2020,Kareköklü İfadeler,İşlem ve Sadeleştirme,Hesaplama,Orta,√(5 + ³√2 − √3·³√27) işleminin sonucu kaçtır?,0,1,2,3,4,C,Kitap,yok,"[SORU] √(5 + ³√2 − √3·³√27) işleminin sonucu kaçtır?
[A] 0
[B] 1
[C] 2
[D] 3
[E] 4",İşlem ve Sadeleştirme_Hesaplama
228,LGS,2025,Kareköklü ifadeler,Tam Sayı / Özel Tanımlar,Hesaplama,Orta,Aşağıdakilerden hangisi irrasyoneldir?,1,√2,√4,³√8,10/3,B,Kitap,yok,"[SORU] Aşağıdakilerden hangisi irrasyoneldir?
[A] 1
[B] √2
[C] √4
[D] ³√8
[E] 10/3",Tam Sayı / Özel Tanımlar_Hesaplama
115,LGS,2022,Kareköklü İfadeler,Problem Çözme,Problem,Orta,"Dönme dolapta Ali 12m, Kuzey 4m yükseklikte. Çınar ikisinin arasında. Çınar'ın yüksekliği hangisi olabilir?",3√5,2√15,4√5,7√3,8√2,C,MEB,destekleyici,"[SORU] Dönme dolapta Ali 12m, Kuzey 4m yükseklikte. Çınar ikisinin arasında. Çınar'ın yüksekliği hangisi olabilir?
[A] 3√5
[B] 2√15
[C] 4√5
[D] 7√3
[E] 8√2",Problem Çözme_Problem
64,LGS,2020,Kareköklü İfadeler,Rasyonelleştirme,Hesaplama,Orta,1/(√2+1) + 1/(√3+√2) + 1/(√4+√3) işlemi kaça eşittir?,1,√2,2,√2−1,2+√2,A,Kitap,yok,"[SORU] 1/(√2+1) + 1/(√3+√2) + 1/(√4+√3) işlemi kaça eşittir?
[A] 1
[B] √2
[C] 2
[D] √2−1
[E] 2+√2",Rasyonelleştirme_Hesaplama
8,LGS,2020,Kareköklü İfadeler,Denklemler,Hesaplama,Orta,(x)^(√x) = (√x)^x denklemini sağlayan x değerlerinin toplamı kaçtır?,1,2,3,4,5,E,Örnek,yok,"[SORU] (x)^(√x) = (√x)^x denklemini sağlayan x değerlerinin toplamı kaçtır?
[A] 1
[B] 2
[C] 3
[D] 4
[E] 5",Denklemler_Hesaplama
49,LGS,2020,Kareköklü İfadeler,İşlem ve Sadeleştirme,Hesaplama,Orta,√2 / (√2 + 1 / (√2 − 1 / √2)) işleminin sonucu kaçtır?,1/√2,1/2,1,√2,2,B,Kitap,yok,"[SORU] √2 / (√2 + 1 / (√2 − 1 / √2)) işleminin sonucu kaçtır?
[A] 1/√2
[B] 1/2
[C] 1
[D] √2
[E] 2",İşlem ve Sadeleştirme_Hesaplama
630,LGS,2019,Kareköklü İfadeler,İşlem ve Sadeleştirme,Yorum,Orta,√18 + √8 işleminin sonucu aşağıdakilerden hangisidir?,√26,5√2,3√2,7√2,,B,MEB,yok,"[SORU] √18 + √8 işleminin sonucu aşağıdakilerden hangisidir?
[A] √26
[B] 5√2
[C] 3√2
[D] 7√2",İşlem ve Sadeleştirme_Yorum
483,LGS,2025,Kareköklü İfadeler,İşlem ve Sadeleştirme,Yorum,Kolay,I. √1 + √1 = √2 II. √(100 + 121) = 21 III. 7√5 − 7√5 = 0 IV. 4√3 + 5√3 − √3 = 8√3 Yukarıdaki eşitliklerden hangileri doğrudur?,I ve III.,II ve III.,II ve IV.,III ve IV.,,D,MEB,yok,"[SORU] I. √1 + √1 = √2 II. √(100 + 121) = 21 III. 7√5 − 7√5 = 0 IV. 4√3 + 5√3 − √3 = 8√3 Yukarıdaki eşitliklerden hangileri doğrudur?
[A] I ve III.
[B] II ve III.
[C] II ve IV.
[D] III ve IV.",İşlem ve Sadeleştirme_Yorum
92,LGS,2025,Kareköklü İfadeler,Problem Çözme,Problem,Orta,Yukarıdaki ³√4 birimlik demir parçaları birleştirilerek yandaki ⁶√28 birim uzunluğunda gövdesi olan ve ⁶√16 birim uzunluğunda yatay parçası olan elektrik direği yapılacaktır. Buna göre bu parçalardan kaç tane gereklidir?,17,18,19,20,21,B,Deneme,bagimli,"[SORU] Yukarıdaki ³√4 birimlik demir parçaları birleştirilerek yandaki ⁶√28 birim uzunluğunda gövdesi olan ve ⁶√16 birim uzunluğunda yatay parçası olan elektrik direği yapılacaktır. Buna göre bu parçalardan kaç tane gereklidir?
[A] 17
[B] 18
[C] 19
[D] 20
[E] 21
[GÖRSEL] Bu soru görsele bağlıdır.",Problem Çözme_Problem
286,LGS,2025,Kareköklü ifadeler,Rasyonelleştirme,Hesaplama,Kolay,(3 / √(5/2) − √(2/5)) : √30 işlemi kaça eşittir?,√2/2,√3/3,1,√3,√5,B,Kitap,yok,"[SORU] (3 / √(5/2) − √(2/5)) : √30 işlemi kaça eşittir?
[A] √2/2
[B] √3/3
[C] 1
[D] √3
[E] √5",Rasyonelleştirme_Hesaplama
457,LGS,2025,Kareköklü İfadeler,Alan ve Geometri,Problem,Orta,Her birinin alanı 18 cm² olan iki eş dikdörtgenin uzun kenarları çakıştırıldığında bir kare oluşuyor. Bu karenin bir kenarının uzunluğu kaç santimetredir?,6,9,12,18,,A,MEB,yok,"[SORU] Her birinin alanı 18 cm² olan iki eş dikdörtgenin uzun kenarları çakıştırıldığında bir kare oluşuyor. Bu karenin bir kenarının uzunluğu kaç santimetredir?
[A] 6
[B] 9
[C] 12
[D] 18",Alan ve Geometri_Problem
406,LGS,2025,Kareköklü İfadeler,İşlem ve Sadeleştirme,Hesaplama,Kolay,Aşağıdakilerin hangisindeki sayıların çarpımı √24 eder?,2 ve √6,3 ve √8,√2 ve 6,√3 ve 8,,A,MEB,yok,"[SORU] Aşağıdakilerin hangisindeki sayıların çarpımı √24 eder?
[A] 2 ve √6
[B] 3 ve √8
[C] √2 ve 6
[D] √3 ve 8",İşlem ve Sadeleştirme_Hesaplama
14,LGS,2020,Kareköklü İfadeler,Tam Sayı / Özel Tanımlar,Problem,Zor,M iki basamaklı doğal sayı. √(5M−1) − √(6M−5) = 5 ise M’nin alabileceği kaç doğal sayı değeri vardır?,225,325,395,425,455,D,Deneme,yok,"[SORU] M iki basamaklı doğal sayı. √(5M−1) − √(6M−5) = 5 ise M’nin alabileceği kaç doğal sayı değeri vardır?
[A] 225
[B] 325
[C] 395
[D] 425
[E] 455",Tam Sayı / Özel Tanımlar_Problem
458,LGS,2025,Kareköklü İfadeler,Alan ve Geometri,Yorum,Orta,Alanı 64 cm² ile 144 cm² arasında olan bir karenin çevresi santimetre cinsinden aşağıdakilerden hangisi olabilir?,28,43,51,56,,B,MEB,yok,"[SORU] Alanı 64 cm² ile 144 cm² arasında olan bir karenin çevresi santimetre cinsinden aşağıdakilerden hangisi olabilir?
[A] 28
[B] 43
[C] 51
[D] 56",Alan ve Geometri_Yorum
134,LGS,2022,Kareköklü İfadeler,Denklemler,Hesaplama,Orta,"Çubuklar A, B, C. B=C√2, A=B√2. Toplam 12 çubuk uzunluğu 12+48√2. Kaç C çubuğu var?",2,4,6,8,10,B,MEB,yok,"[SORU] Çubuklar A, B, C. B=C√2, A=B√2. Toplam 12 çubuk uzunluğu 12+48√2. Kaç C çubuğu var?
[A] 2
[B] 4
[C] 6
[D] 8
[E] 10",Denklemler_Hesaplama
119,LGS,2022,Kareköklü İfadeler,Karşılaştırma ve Sıralama,Problem,Zor,"Duatlon yarışı. 4 sporcunun etap süreleri (√8, √50, √32 vb.). Toplam süresi en az olan kazanır. Kim kazanmıştır?",Harun,Erdem,Mustafa,Bülent,Hakan,A,MEB,yok,"[SORU] Duatlon yarışı. 4 sporcunun etap süreleri (√8, √50, √32 vb.). Toplam süresi en az olan kazanır. Kim kazanmıştır?
[A] Harun
[B] Erdem
[C] Mustafa
[D] Bülent
[E] Hakan",Karşılaştırma ve Sıralama_Problem
6,LGS,2020,Kareköklü İfadeler,Karşılaştırma ve Sıralama,Yorum,Orta,"x = √35, y = √17. Buna göre x+y hangi aralıktadır?","(7, 15/2)","(15/2, 17/2)","(17/2, 19/2)","(19/2, 21/2)","(21/2, 11)",D,Örnek,yok,"[SORU] x = √35, y = √17. Buna göre x+y hangi aralıktadır?
[A] (7, 15/2)
[B] (15/2, 17/2)
[C] (17/2, 19/2)
[D] (19/2, 21/2)
[E] (21/2, 11)",Karşılaştırma ve Sıralama_Yorum
663,LGS,2019,Kareköklü İfadeler,Yaklaşık Değer,Yorum,Orta,Yukarıdaki sayı doğrusunda A ile gösterilen sayı aşağıdakilerden hangisi olabilir?,√150,√155,√158,√168,,C,MEB,bagimli,"[SORU] Yukarıdaki sayı doğrusunda A ile gösterilen sayı aşağıdakilerden hangisi olabilir?
[A] √150
[B] √155
[C] √158
[D] √168
[GÖRSEL] Bu soru görsele bağlıdır.",Yaklaşık Değer_Yorum
279,LGS,2025,Kareköklü ifadeler,Alan ve Geometri,Problem,Zor,Genişliği √3 metre olan özdeş arabalar 16 metre uzunluğunda bir alana her arabanın arasında bir metre boşluk kalacak şekilde yan yana park edilecektir. Buna göre bu alana kaç araba park edebiliriz?,4,5,6,7,8,C,Kitap,destekleyici,"[SORU] Genişliği √3 metre olan özdeş arabalar 16 metre uzunluğunda bir alana her arabanın arasında bir metre boşluk kalacak şekilde yan yana park edilecektir. Buna göre bu alana kaç araba park edebiliriz?
[A] 4
[B] 5
[C] 6
[D] 7
[E] 8",Alan ve Geometri_Problem
139,LGS,2025,Kareköklü İfadeler,İşlem ve Sadeleştirme,Hesaplama,Kolay,5√4 - 2√9 + √25 işlemi kaça eşittir?,8,30,10,11,9,E,Kitap,yok,"[SORU] 5√4 - 2√9 + √25 işlemi kaça eşittir?
[A] 8
[B] 30
[C] 10
[D] 11
[E] 9",İşlem ve Sadeleştirme_Hesaplama
75,LGS,2020,Kareköklü İfadeler,İşlem ve Sadeleştirme,Hesaplama,Orta,³√2 − 1 · ³√(3 + 2√2) işleminin sonucu kaçtır?,1,√2,³√2,√3,2√3,A,Örnek,yok,"[SORU] ³√2 − 1 · ³√(3 + 2√2) işleminin sonucu kaçtır?
[A] 1
[B] √2
[C] ³√2
[D] √3
[E] 2√3",İşlem ve Sadeleştirme_Hesaplama
604,LGS,2024,Kareköklü İfadeler,İşlem ve Sadeleştirme,Yorum,Orta,√363 − √75 − √27 işleminin sonucu aşağıdakilerden hangisidir?,2√3,3√3,4√3,5√3,,B,MEB,yok,"[SORU] √363 − √75 − √27 işleminin sonucu aşağıdakilerden hangisidir?
[A] 2√3
[B] 3√3
[C] 4√3
[D] 5√3",İşlem ve Sadeleştirme_Yorum
688,LGS,2019,Kareköklü İfadeler,Karşılaştırma ve Sıralama,Yorum,Zor,"Yukarıda dört yayın açıldıklarındaki uzunlukları santimetre cinsinden verilmiştir. Buna göre, açıldığında en uzun olan yay aşağıdakilerden hangisidir?",I,II,III,IV,,B,MEB,bagimli,"[SORU] Yukarıda dört yayın açıldıklarındaki uzunlukları santimetre cinsinden verilmiştir. Buna göre, açıldığında en uzun olan yay aşağıdakilerden hangisidir?
[A] I
[B] II
[C] III
[D] IV
[GÖRSEL] Bu soru görsele bağlıdır.",Karşılaştırma ve Sıralama_Yorum
249,LGS,2025,Kareköklü ifadeler,İşlem ve Sadeleştirme,Hesaplama,Kolay,√(1 − 9/25) · √(9 + 16) işleminin sonucu kaçtır?,1/2,1,4,2√5,5,C,Kitap,yok,"[SORU] √(1 − 9/25) · √(9 + 16) işleminin sonucu kaçtır?
[A] 1/2
[B] 1
[C] 4
[D] 2√5
[E] 5",İşlem ve Sadeleştirme_Hesaplama
293,LGS,2024,Kareköklü ifadeler,Alan ve Geometri,Problem,Orta,İç içe geçen iki farklı dondurma külahı ile oluşturulan yığınların yükseklikleri eşitleniyor. Buna göre görseldeki külahlardan kaç tane kullanılmıştır?,16,17,21,22,-,D,Deneme,bagimli,"[SORU] İç içe geçen iki farklı dondurma külahı ile oluşturulan yığınların yükseklikleri eşitleniyor. Buna göre görseldeki külahlardan kaç tane kullanılmıştır?
[A] 16
[B] 17
[C] 21
[D] 22
[E] -
[GÖRSEL] Bu soru görsele bağlıdır.",Alan ve Geometri_Problem
548,LGS,2025,Kareköklü İfadeler,Alan ve Geometri,Problem,Orta,Kağıttan kesilen eşkenar üçgenlerle oluşturulan logoda mavi kısmın çevresi verilmiştir. Logonun alanı kaç cm²'dir?,36√2,24√6,72√2,48√6,,C,MEB,bagimli,"[SORU] Kağıttan kesilen eşkenar üçgenlerle oluşturulan logoda mavi kısmın çevresi verilmiştir. Logonun alanı kaç cm²'dir?
[A] 36√2
[B] 24√6
[C] 72√2
[D] 48√6
[GÖRSEL] Bu soru görsele bağlıdır.",Alan ve Geometri_Problem
3,LGS,2020,Kareköklü İfadeler,Denklemler,Hesaplama,Orta,√(x+3) − √(x−1) = M. √(x+3) + √(x−1) işleminin M cinsinden değeri nedir?,1/√M,2/M,4/M,M−1,M²,C,Örnek,yok,"[SORU] √(x+3) − √(x−1) = M. √(x+3) + √(x−1) işleminin M cinsinden değeri nedir?
[A] 1/√M
[B] 2/M
[C] 4/M
[D] M−1
[E] M²",Denklemler_Hesaplama
22,LGS,2020,Kareköklü İfadeler,Denklemler,Hesaplama,Orta,-4 < x < -1. (√(x+4))² − (√(x+1))² + (√(-x))² + ³√(x³) = 1. x kaçtır?,-3,-5/2,-2,-3/2,-4/3,A,Örnek,yok,"[SORU] -4 < x < -1. (√(x+4))² − (√(x+1))² + (√(-x))² + ³√(x³) = 1. x kaçtır?
[A] -3
[B] -5/2
[C] -2
[D] -3/2
[E] -4/3",Denklemler_Hesaplama
584,LGS,2025,Kareköklü İfadeler,Alan ve Geometri,Problem,Orta,"Personel kartı. Resim alanı (kare, kenarı 2√5) kartın %40'ı. Kart kenarları tam sayı. Kartın çevresi kaç cm?",20,30,34,54,,B,MEB,bagimli,"[SORU] Personel kartı. Resim alanı (kare, kenarı 2√5) kartın %40'ı. Kart kenarları tam sayı. Kartın çevresi kaç cm?
[A] 20
[B] 30
[C] 34
[D] 54
[GÖRSEL] Bu soru görsele bağlıdır.",Alan ve Geometri_Problem
656,LGS,2020,Kareköklü İfadeler,Yaklaşık Değer,Yorum,Orta,√82 sayısı aşağıdaki hangi sayıya daha yakındır?,9,10,8,7,,A,MEB,yok,"[SORU] √82 sayısı aşağıdaki hangi sayıya daha yakındır?
[A] 9
[B] 10
[C] 8
[D] 7",Yaklaşık Değer_Yorum
588,LGS,2025,Kareköklü İfadeler,Problem Çözme,Problem,Kolay,"Alanı 28 m² olan kare bahçeye 2 sıra tel. Tel fiyat tarifesi var (20m altı 15TL, 20-39m 14.5TL vb.). Telin metresi kaç lira olur?","13,5",14,"14,5",15,,B,MEB,destekleyici,"[SORU] Alanı 28 m² olan kare bahçeye 2 sıra tel. Tel fiyat tarifesi var (20m altı 15TL, 20-39m 14.5TL vb.). Telin metresi kaç lira olur?
[A] 13,5
[B] 14
[C] 14,5
[D] 15",Problem Çözme_Problem
326,LGS,2024,Kareköklü İfadeler,Alan ve Geometri,Problem,Orta,"Alanları 128, 98 ve 50 cm² olan kareler şekildeki gibi yerleştirilmiştir. Buna göre |GC|+|BM| kaç cm'dir?",2√2,3√2,4√2,5√2,,C,Deneme,bagimli,"[SORU] Alanları 128, 98 ve 50 cm² olan kareler şekildeki gibi yerleştirilmiştir. Buna göre |GC|+|BM| kaç cm'dir?
[A] 2√2
[B] 3√2
[C] 4√2
[D] 5√2
[GÖRSEL] Bu soru görsele bağlıdır.",Alan ve Geometri_Problem
673,LGS,2019,Kareköklü İfadeler,Yaklaşık Değer,Yorum,Orta,Uzunluğu 11 m olan bir halatın bir ucundan √59 m uzunluğunda bir parça kesilmiştir. Buna göre kalan parçanın metre cinsinden uzunluğu hangi iki doğal sayı arasındadır?,2 ile 3,3 ile 4,4 ile 5,5 ile 6,,B,MEB,destekleyici,"[SORU] Uzunluğu 11 m olan bir halatın bir ucundan √59 m uzunluğunda bir parça kesilmiştir. Buna göre kalan parçanın metre cinsinden uzunluğu hangi iki doğal sayı arasındadır?
[A] 2 ile 3
[B] 3 ile 4
[C] 4 ile 5
[D] 5 ile 6",Yaklaşık Değer_Yorum
171,LGS,2025,Kareköklü İfadeler,Üslü ve Köklü İfadeler,Hesaplama,Kolay,³√250 + ³√54 - ³√16 = a . ³√2 ise a kaçtır?,5,6,7,8,9,B,Kitap,yok,"[SORU] ³√250 + ³√54 - ³√16 = a . ³√2 ise a kaçtır?
[A] 5
[B] 6
[C] 7
[D] 8
[E] 9",Üslü ve Köklü İfadeler_Hesaplama
336,LGS,2020,Kareköklü İfadeler,Alan ve Geometri,Hesaplama,Kolay,Alanı 16 cm² olan bir karenin çevresi kaç santimetredir?,8,12,16,32,,C,Örnek,yok,"[SORU] Alanı 16 cm² olan bir karenin çevresi kaç santimetredir?
[A] 8
[B] 12
[C] 16
[D] 32",Alan ve Geometri_Hesaplama
339,LGS,2020,Kareköklü İfadeler,Yaklaşık Değer,Yorum,Kolay,√79 sayısı hangi iki ardışık tam sayı arasındadır?,6 ile 7,7 ile 8,8 ile 9,9 ile 10,,C,Örnek,yok,"[SORU] √79 sayısı hangi iki ardışık tam sayı arasındadır?
[A] 6 ile 7
[B] 7 ile 8
[C] 8 ile 9
[D] 9 ile 10",Yaklaşık Değer_Yorum
697,LGS,2019,Kareköklü İfadeler,Yaklaşık Değer,Yorum,Kolay,√189 sayısının yaklaşık değerinin hesaplanabilmesi için aşağıdakilerden hangisinin yaklaşık değerinin bilinmesi gerekir?,√3,√7,√14,√21,,B,MEB,yok,"[SORU] √189 sayısının yaklaşık değerinin hesaplanabilmesi için aşağıdakilerden hangisinin yaklaşık değerinin bilinmesi gerekir?
[A] √3
[B] √7
[C] √14
[D] √21",Yaklaşık Değer_Yorum
444,LGS,2025,Kareköklü İfadeler,Tam Sayı / Özel Tanımlar,Hesaplama,Orta,15 ile 75 arasında kaç tam kare sayı vardır?,3,4,5,6,,C,MEB,yok,"[SORU] 15 ile 75 arasında kaç tam kare sayı vardır?
[A] 3
[B] 4
[C] 5
[D] 6",Tam Sayı / Özel Tanımlar_Hesaplama
684,LGS,2019,Kareköklü İfadeler,Karşılaştırma ve Sıralama,Yorum,Kolay,Aşağıdakilerden hangisinin değeri diğerlerinden farklıdır?,6√75,10√45,15√20,30√5,,D,MEB,yok,"[SORU] Aşağıdakilerden hangisinin değeri diğerlerinden farklıdır?
[A] 6√75
[B] 10√45
[C] 15√20
[D] 30√5",Karşılaştırma ve Sıralama_Yorum
424,LGS,2025,Kareköklü İfadeler,Alan ve Geometri,Problem,Zor,Yukarıda verilen şeklin alanı kaç santimetrekaredir?,445,360,255,240,,A,MEB,bagimli,"[SORU] Yukarıda verilen şeklin alanı kaç santimetrekaredir?
[A] 445
[B] 360
[C] 255
[D] 240
[GÖRSEL] Bu soru görsele bağlıdır.",Alan ve Geometri_Problem
24,LGS,2020,Kareköklü İfadeler,İşlem ve Sadeleştirme,Hesaplama,Orta,3 − √3/(√3 − 1) + (2 + √2)/(√2 + 1) − 2/√2 işleminin sonucu kaçtır?,1,√2,2,√3,√3 + √2,D,Deneme,yok,"[SORU] 3 − √3/(√3 − 1) + (2 + √2)/(√2 + 1) − 2/√2 işleminin sonucu kaçtır?
[A] 1
[B] √2
[C] 2
[D] √3
[E] √3 + √2",İşlem ve Sadeleştirme_Hesaplama
345,LGS,2020,Kareköklü İfadeler,Kök Sadeleştirme,Hesaplama,Kolay,Aşağıdakilerden hangisi yanlıştır?,√50 = 5√2,√98 = 7√2,√27 = 3√3,√24 = 3√6,,D,Örnek,yok,"[SORU] Aşağıdakilerden hangisi yanlıştır?
[A] √50 = 5√2
[B] √98 = 7√2
[C] √27 = 3√3
[D] √24 = 3√6",Kök Sadeleştirme_Hesaplama
364,LGS,2020,Kareköklü İfadeler,Alan ve Geometri,Problem,Orta,"Kenar uzunlukları 8√5 cm ve 6√5 cm olan dikdörtgen şeklindeki bir odanın tabanı, kenar uzunluğu √5 cm olan kare şeklindeki fayanslarla tamamen kaplanacaktır. Bunun için en az kaç tane fayansa ihtiyaç vardır?",60,48,30,24,,B,Deneme,yok,"[SORU] Kenar uzunlukları 8√5 cm ve 6√5 cm olan dikdörtgen şeklindeki bir odanın tabanı, kenar uzunluğu √5 cm olan kare şeklindeki fayanslarla tamamen kaplanacaktır. Bunun için en az kaç tane fayansa ihtiyaç vardır?
[A] 60
[B] 48
[C] 30
[D] 24",Alan ve Geometri_Problem
683,LGS,2019,Kareköklü İfadeler,Alan ve Geometri,Problem,Orta,"Bir karenin alanı, kenar uzunlukları 12 cm ve 18 cm olan bir dikdörtgenin alanına eşittir. Bu karenin bir kenarının uzunluğu kaç santimetredir?",6√6,4√6,3√3,6√3,,A,MEB,yok,"[SORU] Bir karenin alanı, kenar uzunlukları 12 cm ve 18 cm olan bir dikdörtgenin alanına eşittir. Bu karenin bir kenarının uzunluğu kaç santimetredir?
[A] 6√6
[B] 4√6
[C] 3√3
[D] 6√3",Alan ve Geometri_Problem
315,LGS,2024,Kareköklü İfadeler,Problem Çözme,Problem,Orta,Bir fotoğrafın kısa kenarı 10 cm olarak ölçülüyor ve fotoğraf 2 kat büyütülüyor. Buna göre yeni fotoğrafın boyu aşağıdakilerden hangisi olabilir?,√50,7√2,10√3,8√6,-,B,Deneme,bagimli,"[SORU] Bir fotoğrafın kısa kenarı 10 cm olarak ölçülüyor ve fotoğraf 2 kat büyütülüyor. Buna göre yeni fotoğrafın boyu aşağıdakilerden hangisi olabilir?
[A] √50
[B] 7√2
[C] 10√3
[D] 8√6
[E] -
[GÖRSEL] Bu soru görsele bağlıdır.",Problem Çözme_Problem
678,LGS,2019,Kareköklü İfadeler,Üslü ve Köklü İfadeler,Hesaplama,Orta,a ve b pozitif tam sayılar olmak üzere √(a²·b³) ifadesi aşağıdakilerden hangisine eşittir?,a·b√a,a·b√b,a·b²,a²·b,,B,MEB,yok,"[SORU] a ve b pozitif tam sayılar olmak üzere √(a²·b³) ifadesi aşağıdakilerden hangisine eşittir?
[A] a·b√a
[B] a·b√b
[C] a·b²
[D] a²·b",Üslü ve Köklü İfadeler_Hesaplama
617,LGS,2021,Kareköklü İfadeler,Alan ve Geometri,Yorum,Orta,İki farklı şeklin ölçülerine göre başlangıçtaki dikdörtgenin alanı kaçtır?,288,144,96,72,,B,MEB,bagimli,"[SORU] İki farklı şeklin ölçülerine göre başlangıçtaki dikdörtgenin alanı kaçtır?
[A] 288
[B] 144
[C] 96
[D] 72
[GÖRSEL] Bu soru görsele bağlıdır.",Alan ve Geometri_Yorum
304,LGS,2024,Kareköklü İfadeler,Alan ve Geometri,Problem,Orta,Uzunluğu 16√5 cm olan bir karton belirli aralıklarla kesilip yeni bir şekil oluşturuluyor. Oluşan şeklin ortasında kalan boş bölgenin alanı kaç santimetrekaredir?,50,75,100,125,-,B,Deneme,bagimli,"[SORU] Uzunluğu 16√5 cm olan bir karton belirli aralıklarla kesilip yeni bir şekil oluşturuluyor. Oluşan şeklin ortasında kalan boş bölgenin alanı kaç santimetrekaredir?
[A] 50
[B] 75
[C] 100
[D] 125
[E] -
[GÖRSEL] Bu soru görsele bağlıdır.",Alan ve Geometri_Problem
62,LGS,2020,Kareköklü İfadeler,İşlem ve Sadeleştirme,Hesaplama,Zor,1/(√2 + ⁶√2) · (∛2 + ⁴√2)/⁶√2 işleminin sonucu kaçtır?,1,√2,∛2,⁴√2,⁶√2,A,Kitap,yok,"[SORU] 1/(√2 + ⁶√2) · (∛2 + ⁴√2)/⁶√2 işleminin sonucu kaçtır?
[A] 1
[B] √2
[C] ∛2
[D] ⁴√2
[E] ⁶√2",İşlem ve Sadeleştirme_Hesaplama
66,LGS,2020,Kareköklü İfadeler,Yaklaşık Değer,Yorum,Zor,√2 sayısının virgülden sonraki ilk basamağı kaçtır?,1,2,3,4,5,D,Deneme,yok,"[SORU] √2 sayısının virgülden sonraki ilk basamağı kaçtır?
[A] 1
[B] 2
[C] 3
[D] 4
[E] 5",Yaklaşık Değer_Yorum
130,LGS,2022,Kareköklü İfadeler,Problem Çözme,Problem,Zor,"Koşu parkuru. A noktası √128, B noktası 4√2 uzaklıkta. Toplam yol √512. C, B'ye yakın. C'nin bitişe uzaklığı?",√108,√72,√24,√32,48,E,MEB,bagimli,"[SORU] Koşu parkuru. A noktası √128, B noktası 4√2 uzaklıkta. Toplam yol √512. C, B'ye yakın. C'nin bitişe uzaklığı?
[A] √108
[B] √72
[C] √24
[D] √32
[E] 48
[GÖRSEL] Bu soru görsele bağlıdır.",Problem Çözme_Problem
61,LGS,2020,Kareköklü İfadeler,Üslü ve Köklü İfadeler,Hesaplama,Orta,³√6 · ⁶√250 / √10 kesri kaça eşittir?,³√3,³√6,⁶√8,³√2,√2,A,Deneme,yok,"[SORU] ³√6 · ⁶√250 / √10 kesri kaça eşittir?
[A] ³√3
[B] ³√6
[C] ⁶√8
[D] ³√2
[E] √2",Üslü ve Köklü İfadeler_Hesaplama
682,LGS,2019,Kareköklü İfadeler,Yaklaşık Değer,Yorum,Kolay,Sayı doğrusu üzerinde 3√19 sayısına en yakın olan doğal sayı kaçtır?,12,13,14,15,,C,MEB,yok,"[SORU] Sayı doğrusu üzerinde 3√19 sayısına en yakın olan doğal sayı kaçtır?
[A] 12
[B] 13
[C] 14
[D] 15",Yaklaşık Değer_Yorum
696,LGS,2019,Kareköklü İfadeler,Yaklaşık Değer,Yorum,Kolay,"√3'ün yaklaşık değeri 1,7 olduğuna göre √48'in yaklaşık değeri kaçtır?","3,4","6,8","10,2","27,2",,C,MEB,yok,"[SORU] √3'ün yaklaşık değeri 1,7 olduğuna göre √48'in yaklaşık değeri kaçtır?
[A] 3,4
[B] 6,8
[C] 10,2
[D] 27,2",Yaklaşık Değer_Yorum
551,LGS,2025,Kareköklü İfadeler,Problem Çözme,Problem,Orta,Koşu parkuru üzerinde verilen uzaklıklara göre C noktasının bitişe uzaklığı aşağıdakilerden hangisi olabilir?,√108,√72,√48,√32,,C,MEB,bagimli,"[SORU] Koşu parkuru üzerinde verilen uzaklıklara göre C noktasının bitişe uzaklığı aşağıdakilerden hangisi olabilir?
[A] √108
[B] √72
[C] √48
[D] √32
[GÖRSEL] Bu soru görsele bağlıdır.",Problem Çözme_Problem
277,LGS,2025,Kareköklü ifadeler,Üslü ve Köklü İfadeler,Hesaplama,Orta,√2 · ³√5 · ⁶√5 işlemi kaça eşittir?,³√5,³√10,√10,5,10,C,Kitap,yok,"[SORU] √2 · ³√5 · ⁶√5 işlemi kaça eşittir?
[A] ³√5
[B] ³√10
[C] √10
[D] 5
[E] 10",Üslü ve Köklü İfadeler_Hesaplama
229,LGS,2025,Kareköklü ifadeler,Üslü ve Köklü İfadeler,Hesaplama,Zor,"a ve b sayıları 1 den büyük tam sayılar olmak üzere, √x = a√b için √x = a (b minimum olsun) ve √x = a (b maximum olsun). Buna göre, √80/√( ) + √450/√( ) kaç eşittir?",5,7,9,10,12,B,Kitap,yok,"[SORU] a ve b sayıları 1 den büyük tam sayılar olmak üzere, √x = a√b için √x = a (b minimum olsun) ve √x = a (b maximum olsun). Buna göre, √80/√( ) + √450/√( ) kaç eşittir?
[A] 5
[B] 7
[C] 9
[D] 10
[E] 12",Üslü ve Köklü İfadeler_Hesaplama
540,LGS,2025,Kareköklü İfadeler,Alan ve Geometri,Problem,Orta,Çevresi 44√5 cm olan dikdörtgen masa kesilip cam ekleniyor. Cam kısmın çevresi kaç cm'dir?,16√5,36√5,42√5,52√5,,D,MEB,bagimli,"[SORU] Çevresi 44√5 cm olan dikdörtgen masa kesilip cam ekleniyor. Cam kısmın çevresi kaç cm'dir?
[A] 16√5
[B] 36√5
[C] 42√5
[D] 52√5
[GÖRSEL] Bu soru görsele bağlıdır.",Alan ve Geometri_Problem
135,LGS,2022,Kareköklü İfadeler,Yaklaşık Değer,Problem,Orta,Uçlu kalem ucu 10 cm. 3 cm dışarıda. Her basışta √2 cm çıkıyor. 3 kez basılırsa içeride kalan kısım hangi aralıkta?,1 ile 2,2 ile 3,3 ile 4,4 ile 5,5 ile 6,B,MEB,destekleyici,"[SORU] Uçlu kalem ucu 10 cm. 3 cm dışarıda. Her basışta √2 cm çıkıyor. 3 kez basılırsa içeride kalan kısım hangi aralıkta?
[A] 1 ile 2
[B] 2 ile 3
[C] 3 ile 4
[D] 4 ile 5
[E] 5 ile 6",Yaklaşık Değer_Problem
410,LGS,2025,Kareköklü İfadeler,Alan ve Geometri,Problem,Orta,"Aşağıdakilerden hangisi, alanı 12√6 cm² olan bir dikdörtgen levhanın santimetre cinsinden kenar uzunlukları olabilir?",4√6 ve 6√6,4√3 ve 3√2,12√3 ve 12√2,6√6 ve 2√6,,B,MEB,yok,"[SORU] Aşağıdakilerden hangisi, alanı 12√6 cm² olan bir dikdörtgen levhanın santimetre cinsinden kenar uzunlukları olabilir?
[A] 4√6 ve 6√6
[B] 4√3 ve 3√2
[C] 12√3 ve 12√2
[D] 6√6 ve 2√6",Alan ve Geometri_Problem
314,LGS,2024,Kareköklü İfadeler,Problem Çözme,Problem,Orta,"Fotoğraf kalitesi; alanın kareköküne en yakın tam sayının, çevreye bölünmesiyle hesaplanıyor. Buna göre en kaliteli fotoğraf hangisidir?",A,B,C,D,-,C,Deneme,bagimli,"[SORU] Fotoğraf kalitesi; alanın kareköküne en yakın tam sayının, çevreye bölünmesiyle hesaplanıyor. Buna göre en kaliteli fotoğraf hangisidir?
[A] A
[B] B
[C] C
[D] D
[E] -
[GÖRSEL] Bu soru görsele bağlıdır.",Problem Çözme_Problem
129,LGS,2022,Kareköklü İfadeler,Alan ve Geometri,Hesaplama,Orta,"A ve B yolu arası araziler. Kare alanları: 12, 48, 27 hm². En kısa yol uzunluğu hektometre cinsinden kaça yakındır?",15,16,17,18,19,B,MEB,bagimli,"[SORU] A ve B yolu arası araziler. Kare alanları: 12, 48, 27 hm². En kısa yol uzunluğu hektometre cinsinden kaça yakındır?
[A] 15
[B] 16
[C] 17
[D] 18
[E] 19
[GÖRSEL] Bu soru görsele bağlıdır.",Alan ve Geometri_Hesaplama
405,LGS,2025,Kareköklü İfadeler,İşlem ve Sadeleştirme,Hesaplama,Kolay,√2 · √5 · √10 işleminin sonucu kaçtır?,2√5,5√2,10,10√2,,C,MEB,yok,"[SORU] √2 · √5 · √10 işleminin sonucu kaçtır?
[A] 2√5
[B] 5√2
[C] 10
[D] 10√2",İşlem ve Sadeleştirme_Hesaplama
169,LGS,2025,Kareköklü İfadeler,Üslü ve Köklü İfadeler,Hesaplama,Kolay,"(√0,49 - √0,25) / √0,04 işlemi kaça eşittir?",1,2,5,10,11,A,Kitap,yok,"[SORU] (√0,49 - √0,25) / √0,04 işlemi kaça eşittir?
[A] 1
[B] 2
[C] 5
[D] 10
[E] 11",Üslü ve Köklü İfadeler_Hesaplama
60,LGS,2020,Kareköklü İfadeler,İşlem ve Sadeleştirme,Hesaplama,Zor,(a − b)^2 = a^2 − 2ab + b^2 ise √(a^12 − 2a^7 + 1) işlemi kaça eşittir?,7,63,111,2^7,2^10,B,Örnek,yok,"[SORU] (a − b)^2 = a^2 − 2ab + b^2 ise √(a^12 − 2a^7 + 1) işlemi kaça eşittir?
[A] 7
[B] 63
[C] 111
[D] 2^7
[E] 2^10",İşlem ve Sadeleştirme_Hesaplama
165,LGS,2025,Kareköklü İfadeler,Üslü ve Köklü İfadeler,Hesaplama,Kolay,"(√1,6 + √0,9) . √90 işlemi kaça eşittir?",15,18,21,22,24,C,Kitap,yok,"[SORU] (√1,6 + √0,9) . √90 işlemi kaça eşittir?
[A] 15
[B] 18
[C] 21
[D] 22
[E] 24",Üslü ve Köklü İfadeler_Hesaplama
632,LGS,2021,Kareköklü İfadeler,Alan ve Geometri,Yorum,Orta,Alanı 72 cm² olan bir karenin bir kenarının uzunluğu kaç cm’dir?,6√2,12,9,4√3,,A,MEB,yok,"[SORU] Alanı 72 cm² olan bir karenin bir kenarının uzunluğu kaç cm’dir?
[A] 6√2
[B] 12
[C] 9
[D] 4√3",Alan ve Geometri_Yorum
102,LGS,2022,Kareköklü İfadeler,Alan ve Geometri,Hesaplama,Zor,"Kare karton 4 parçaya ayrılıyor. Tam kare olmayan A ve B doğal sayıları bulundukları karenin, tam kare olan C doğal sayısı ise dikdörtgenlerin alanlarını ifade ediyor. Parçalara ayrılan kartonun alanı en az kaç cm²'dir?",14,31,24,27,18,E,MEB,bagimli,"[SORU] Kare karton 4 parçaya ayrılıyor. Tam kare olmayan A ve B doğal sayıları bulundukları karenin, tam kare olan C doğal sayısı ise dikdörtgenlerin alanlarını ifade ediyor. Parçalara ayrılan kartonun alanı en az kaç cm²'dir?
[A] 14
[B] 31
[C] 24
[D] 27
[E] 18
[GÖRSEL] Bu soru görsele bağlıdır.",Alan ve Geometri_Hesaplama
578,LGS,2025,Kareköklü İfadeler,Yaklaşık Değer,Yorum,Orta,Dönme dolapta verilen yüksekliklere göre Çınar'ın yüksekliği aşağıdakilerden hangisi olabilir?,3√5,2√15,4√5,7√3,,C,MEB,bagimli,"[SORU] Dönme dolapta verilen yüksekliklere göre Çınar'ın yüksekliği aşağıdakilerden hangisi olabilir?
[A] 3√5
[B] 2√15
[C] 4√5
[D] 7√3
[GÖRSEL] Bu soru görsele bağlıdır.",Yaklaşık Değer_Yorum
523,LGS,2025,Kareköklü İfadeler,Problem Çözme,Problem,Zor,Kenar uzunlukları santimetre cinsinden birer doğal sayı olan dikdörtgen şeklindeki sarı ve mavi renkli kağıtların uzun kenarları çakıştırıldığında bir kare elde edilmiştir. Bu kağıtlardan birinin bir yüzünün alanı 60 cm² dir. Buna göre diğer kağıdın bir yüzünün santimetrekare cinsinden alanı aşağıdakilerden hangisi olamaz?,40,84,136,340,,C,MEB,destekleyici,"[SORU] Kenar uzunlukları santimetre cinsinden birer doğal sayı olan dikdörtgen şeklindeki sarı ve mavi renkli kağıtların uzun kenarları çakıştırıldığında bir kare elde edilmiştir. Bu kağıtlardan birinin bir yüzünün alanı 60 cm² dir. Buna göre diğer kağıdın bir yüzünün santimetrekare cinsinden alanı aşağıdakilerden hangisi olamaz?
[A] 40
[B] 84
[C] 136
[D] 340",Problem Çözme_Problem
36,LGS,2020,Kareköklü İfadeler,Üslü ve Köklü İfadeler,Hesaplama,Orta,(√2 − 1)¹⁰ · (√2 + 1)¹¹ işleminin sonucu kaçtır?,−√2,1−√2,√2−1,√2+1,2,E,Deneme,yok,"[SORU] (√2 − 1)¹⁰ · (√2 + 1)¹¹ işleminin sonucu kaçtır?
[A] −√2
[B] 1−√2
[C] √2−1
[D] √2+1
[E] 2",Üslü ve Köklü İfadeler_Hesaplama
204,LGS,2022,Kareköklü İfadeler,Alan ve Geometri,Hesaplama,Orta,"Çevresinin uzunluğu √800 cm olan dikdörtgen şeklindeki kâğıt, yukarıdaki gibi dikdörtgen ve kare şeklinde iki parçaya ayrılıyor. Kare şeklindeki parçanın bir kenarının uzunluğu √8 cm olduğuna göre dikdörtgen şeklindeki parçanın bir yüzünün alanı kaç santimetrekaredir?",16,24,32,40,-,B,MEB,bagimli,"[SORU] Çevresinin uzunluğu √800 cm olan dikdörtgen şeklindeki kâğıt, yukarıdaki gibi dikdörtgen ve kare şeklinde iki parçaya ayrılıyor. Kare şeklindeki parçanın bir kenarının uzunluğu √8 cm olduğuna göre dikdörtgen şeklindeki parçanın bir yüzünün alanı kaç santimetrekaredir?
[A] 16
[B] 24
[C] 32
[D] 40
[E] -
[GÖRSEL] Bu soru görsele bağlıdır.",Alan ve Geometri_Hesaplama
253,LGS,2025,Kareköklü ifadeler,Üslü ve Köklü İfadeler,Hesaplama,Kolay,Ali aşağıdaki çözemediği sorunun fotoğrafını çeker ve arkadaşı Bora'ya yollar. √((-5)^2) + ³√((-2)^3) + ⁴√((-3)^4). Bora çift dereceden köklerde mutlak değer kullanmaz ve soruyu çözdüğünü düşünür. Bora'nın bulduğu cevap doğru cevaptan kaç eksiktir?,6,8,12,16,18,D,Kitap,yok,"[SORU] Ali aşağıdaki çözemediği sorunun fotoğrafını çeker ve arkadaşı Bora'ya yollar. √((-5)^2) + ³√((-2)^3) + ⁴√((-3)^4). Bora çift dereceden köklerde mutlak değer kullanmaz ve soruyu çözdüğünü düşünür. Bora'nın bulduğu cevap doğru cevaptan kaç eksiktir?
[A] 6
[B] 8
[C] 12
[D] 16
[E] 18",Üslü ve Köklü İfadeler_Hesaplama
87,LGS,2025,Kareköklü İfadeler,Alan ve Geometri,Problem,Orta,Yukarıdaki dikdörtgenler prizmasının tüm ayrıtlarının uzunlukları toplamı √3200 cm ise bu prizmanın uzun kenarı kaç cm'dir?,√12,√24,√32,√48,√50,D,Kitap,bagimli,"[SORU] Yukarıdaki dikdörtgenler prizmasının tüm ayrıtlarının uzunlukları toplamı √3200 cm ise bu prizmanın uzun kenarı kaç cm'dir?
[A] √12
[B] √24
[C] √32
[D] √48
[E] √50
[GÖRSEL] Bu soru görsele bağlıdır.",Alan ve Geometri_Problem
104,LGS,2022,Kareköklü İfadeler,Alan ve Geometri,Hesaplama,Zor,Alanı 200 cm² olan dikdörtgen kartondan 10 tane özdeş kare kesiliyor (hiç parça artmıyor). Kartonun kesilmeden önceki çevresi en az kaç cm'dir?,24√5,28√5,32√5,36√5,40√5,B,MEB,destekleyici,"[SORU] Alanı 200 cm² olan dikdörtgen kartondan 10 tane özdeş kare kesiliyor (hiç parça artmıyor). Kartonun kesilmeden önceki çevresi en az kaç cm'dir?
[A] 24√5
[B] 28√5
[C] 32√5
[D] 36√5
[E] 40√5",Alan ve Geometri_Hesaplama
671,LGS,2019,Kareköklü İfadeler,Problem Çözme,Yorum,Zor,"İçinde 17 tane boncuğun olduğu bir torba ve uzunlukları 8 cm, 29 cm ve a cm olan üç tane ip parçası verilmiştir. Bu iplerin her birine, santimetre cinsinden uzunluklarının karekökünün en yakın olduğu doğal sayı değerine kadar boncuk alınacaktır. Üç bileklik yapıldığında torbada 2 boncuk kaldığına göre, a'nın alabileceği en küçük doğal sayı değeri kaçtır?",31,43,57,73,,B,MEB,bagimli,"[SORU] İçinde 17 tane boncuğun olduğu bir torba ve uzunlukları 8 cm, 29 cm ve a cm olan üç tane ip parçası verilmiştir. Bu iplerin her birine, santimetre cinsinden uzunluklarının karekökünün en yakın olduğu doğal sayı değerine kadar boncuk alınacaktır. Üç bileklik yapıldığında torbada 2 boncuk kaldığına göre, a'nın alabileceği en küçük doğal sayı değeri kaçtır?
[A] 31
[B] 43
[C] 57
[D] 73
[GÖRSEL] Bu soru görsele bağlıdır.",Problem Çözme_Yorum
397,LGS,2020,Kareköklü İfadeler,Tam Sayı / Özel Tanımlar,Yorum,Kolay,Aşağıdakilerden hangisi doğrudur?,Her tam sayı bir gerçek sayıdır.,Her irrasyonel sayı bir rasyonel sayıdır.,Her gerçek sayı bir rasyonel sayıdır.,Her tam sayı bir doğal sayıdır.,,A,Örnek,yok,"[SORU] Aşağıdakilerden hangisi doğrudur?
[A] Her tam sayı bir gerçek sayıdır.
[B] Her irrasyonel sayı bir rasyonel sayıdır.
[C] Her gerçek sayı bir rasyonel sayıdır.
[D] Her tam sayı bir doğal sayıdır.",Tam Sayı / Özel Tanımlar_Yorum
429,LGS,2025,Kareköklü İfadeler,Tam Sayı / Özel Tanımlar,Yorum,Kolay,Aşağıdakilerden hangisi √5 ile bölündüğünde sonuç tam sayı olmaz?,√75,√80,√125,√180,,A,MEB,yok,"[SORU] Aşağıdakilerden hangisi √5 ile bölündüğünde sonuç tam sayı olmaz?
[A] √75
[B] √80
[C] √125
[D] √180",Tam Sayı / Özel Tanımlar_Yorum
509,LGS,2025,Kareköklü İfadeler,Alan ve Geometri,Hesaplama,Kolay,"Bir kenarının uzunluğu √50 cm olan kare biçimindeki bir kartondan, bir kenarı boyunca √2 cm eninde bir şerit şekildeki gibi kesilerek atılıyor. Kalan parçanın çevresinin uzunluğu kaç santimetredir?",5√2,13√2,18√2,20√2,,C,MEB,bagimli,"[SORU] Bir kenarının uzunluğu √50 cm olan kare biçimindeki bir kartondan, bir kenarı boyunca √2 cm eninde bir şerit şekildeki gibi kesilerek atılıyor. Kalan parçanın çevresinin uzunluğu kaç santimetredir?
[A] 5√2
[B] 13√2
[C] 18√2
[D] 20√2
[GÖRSEL] Bu soru görsele bağlıdır.",Alan ve Geometri_Hesaplama
467,LGS,2025,Kareköklü İfadeler,Alan ve Geometri,Hesaplama,Orta,Alanı 81 m² olan kare şeklindeki bir bahçenin etrafına 3 sıra dikenli tel çekilecektir. Bu bahçe için kullanılacak dikenli telin uzunluğu kaç metredir?,27,36,108,243,,C,MEB,yok,"[SORU] Alanı 81 m² olan kare şeklindeki bir bahçenin etrafına 3 sıra dikenli tel çekilecektir. Bu bahçe için kullanılacak dikenli telin uzunluğu kaç metredir?
[A] 27
[B] 36
[C] 108
[D] 243",Alan ve Geometri_Hesaplama
216,LGS,2025,Kareköklü İfadeler,Denklemler,Hesaplama,Zor,"a ve b birer tam sayı olmak üzere, 4a + b = a√3 + 5 − b√3 ise a kaça eşittir?",1,2,3,4,5,A,Kitap,yok,"[SORU] a ve b birer tam sayı olmak üzere, 4a + b = a√3 + 5 − b√3 ise a kaça eşittir?
[A] 1
[B] 2
[C] 3
[D] 4
[E] 5",Denklemler_Hesaplama
83,LGS,2025,Kareköklü İfadeler,Üslü ve Köklü İfadeler,Hesaplama,Orta,(√20 − √12) / (√5 − √3) − ⁶√(−2)⁶ işlemi kaç eşittir?,0,1,√2,√3,√5,B,Kitap,yok,"[SORU] (√20 − √12) / (√5 − √3) − ⁶√(−2)⁶ işlemi kaç eşittir?
[A] 0
[B] 1
[C] √2
[D] √3
[E] √5",Üslü ve Köklü İfadeler_Hesaplama
19,LGS,2020,Kareköklü İfadeler,Problem Çözme,Problem,Orta,"a,b,c en büyük üç tam sayı; √(a² − b²) + √(b² − c²) ifadesinin en büyük değeri için toplam kaç olur?",15,17,19,20,12,B,Kitap,yok,"[SORU] a,b,c en büyük üç tam sayı; √(a² − b²) + √(b² − c²) ifadesinin en büyük değeri için toplam kaç olur?
[A] 15
[B] 17
[C] 19
[D] 20
[E] 12",Problem Çözme_Problem
161,LGS,2025,Kareköklü İfadeler,Üslü ve Köklü İfadeler,Hesaplama,Kolay,⁴√16 + ³√8 + √4 işlemi kaça eşittir?,6,8,10,12,14,A,Kitap,yok,"[SORU] ⁴√16 + ³√8 + √4 işlemi kaça eşittir?
[A] 6
[B] 8
[C] 10
[D] 12
[E] 14",Üslü ve Köklü İfadeler_Hesaplama
451,LGS,2025,Kareköklü İfadeler,Üslü ve Köklü İfadeler,Hesaplama,Kolay,√36 ifadesi aşağıdakilerden hangisine eşittir?,1296,72,18,6,,D,MEB,yok,"[SORU] √36 ifadesi aşağıdakilerden hangisine eşittir?
[A] 1296
[B] 72
[C] 18
[D] 6",Üslü ve Köklü İfadeler_Hesaplama
539,LGS,2025,Kareköklü İfadeler,Algoritmik / Mantıksal Problemler,Problem,Zor,1'den 100'e kadar sayıların karekökleri yazılı kartlardan seçilen iki kartın çarpımı en çok kaçtır?,14,24,33,42,,C,MEB,yok,"[SORU] 1'den 100'e kadar sayıların karekökleri yazılı kartlardan seçilen iki kartın çarpımı en çok kaçtır?
[A] 14
[B] 24
[C] 33
[D] 42",Algoritmik / Mantıksal Problemler_Problem
143,LGS,2025,Kareköklü İfadeler,Denklemler,Hesaplama,Kolay,⁵√(2^(3x-1)) = 16 ise x kaçtır?,4,5,6,9,7,E,Kitap,yok,"[SORU] ⁵√(2^(3x-1)) = 16 ise x kaçtır?
[A] 4
[B] 5
[C] 6
[D] 9
[E] 7",Denklemler_Hesaplama
414,LGS,2025,Kareköklü İfadeler,İşlem ve Sadeleştirme,Hesaplama,Kolay,√48 sayısı aşağıdaki sayılardan hangisi ile çarpılırsa sonuç bir doğal sayı olur?,√2,√3,√5,√6,,B,MEB,yok,"[SORU] √48 sayısı aşağıdaki sayılardan hangisi ile çarpılırsa sonuç bir doğal sayı olur?
[A] √2
[B] √3
[C] √5
[D] √6",İşlem ve Sadeleştirme_Hesaplama
84,LGS,2020,Kareköklü İfadeler,Üslü ve Köklü İfadeler,Hesaplama,Zor,"M = √(2 + √(2 + √3)), G = √(2 − √(2 + √3)) · √(2 + √3) Buna göre M·G kaça eşittir?",1,√2,√3,2√3,√3 + 1,C,Deneme,yok,"[SORU] M = √(2 + √(2 + √3)), G = √(2 − √(2 + √3)) · √(2 + √3) Buna göre M·G kaça eşittir?
[A] 1
[B] √2
[C] √3
[D] 2√3
[E] √3 + 1",Üslü ve Köklü İfadeler_Hesaplama
202,LGS,2025,Kareköklü İfadeler,İşlem ve Sadeleştirme,Hesaplama,Kolay,3 tane √3 ün çarpımının 3 tane √3 ün toplamına oranı kaçtır?,1,√3,3,3√3,9,A,Kitap,yok,"[SORU] 3 tane √3 ün çarpımının 3 tane √3 ün toplamına oranı kaçtır?
[A] 1
[B] √3
[C] 3
[D] 3√3
[E] 9",İşlem ve Sadeleştirme_Hesaplama
660,LGS,2020,Kareköklü İfadeler,Yaklaşık Değer,Yorum,Orta,√120 sayısı aşağıdaki hangi iki tam sayı arasındadır?,10-11,11-12,9-10,12-13,,B,MEB,yok,"[SORU] √120 sayısı aşağıdaki hangi iki tam sayı arasındadır?
[A] 10-11
[B] 11-12
[C] 9-10
[D] 12-13",Yaklaşık Değer_Yorum
681,LGS,2019,Kareköklü İfadeler,Denklemler,Hesaplama,Orta,m√11 = √99 ve n√10 = √1000 olduğuna göre m + n kaçtır?,13,19,103,109,,B,MEB,yok,"[SORU] m√11 = √99 ve n√10 = √1000 olduğuna göre m + n kaçtır?
[A] 13
[B] 19
[C] 103
[D] 109",Denklemler_Hesaplama
241,LGS,2025,Kareköklü ifadeler,Rasyonelleştirme,Hesaplama,Kolay,6/(3√2 − √15) − 36/(3√2) işlemi kaça eşittir?,1,2,√6,√15,2√15,E,Kitap,yok,"[SORU] 6/(3√2 − √15) − 36/(3√2) işlemi kaça eşittir?
[A] 1
[B] 2
[C] √6
[D] √15
[E] 2√15",Rasyonelleştirme_Hesaplama
571,LGS,2025,Kareköklü İfadeler,Problem Çözme,Problem,Orta,"Tavanda K, L, M lambaları. L=3m, M=2m. L-K farkı K-M farkından büyük. K'nın yüksekliği ne olabilir?",√3,√6,√7,11,,B,MEB,bagimli,"[SORU] Tavanda K, L, M lambaları. L=3m, M=2m. L-K farkı K-M farkından büyük. K'nın yüksekliği ne olabilir?
[A] √3
[B] √6
[C] √7
[D] 11
[GÖRSEL] Bu soru görsele bağlıdır.",Problem Çözme_Problem
620,LGS,2020,Kareköklü İfadeler,İşlem ve Sadeleştirme,Yorum,Orta,Kareköklü ifadeleri toplayarak doğal sayı elde eden Eymen en fazla kaç kart seçmiştir?,8,9,10,11,,C,MEB,bagimli,"[SORU] Kareköklü ifadeleri toplayarak doğal sayı elde eden Eymen en fazla kaç kart seçmiştir?
[A] 8
[B] 9
[C] 10
[D] 11
[GÖRSEL] Bu soru görsele bağlıdır.",İşlem ve Sadeleştirme_Yorum
121,LGS,2022,Kareköklü İfadeler,Algoritmik / Mantıksal Problemler,Problem,Orta,Oyun: Söylenen sayının √2 katının en yakın doğal sayısını söyle. Başlangıç 3. 3. adımda Doruk ne söyleyemez?,4,8,15,16,18,D,MEB,yok,"[SORU] Oyun: Söylenen sayının √2 katının en yakın doğal sayısını söyle. Başlangıç 3. 3. adımda Doruk ne söyleyemez?
[A] 4
[B] 8
[C] 15
[D] 16
[E] 18",Algoritmik / Mantıksal Problemler_Problem
398,LGS,2020,Kareköklü İfadeler,Tam Sayı / Özel Tanımlar,Yorum,Orta,√a sayısı bir rasyonel sayı olduğuna göre a sayısı aşağıdakilerden hangisi olamaz?,1,9,72,144,,C,Kitap,yok,"[SORU] √a sayısı bir rasyonel sayı olduğuna göre a sayısı aşağıdakilerden hangisi olamaz?
[A] 1
[B] 9
[C] 72
[D] 144",Tam Sayı / Özel Tanımlar_Yorum
44,LGS,2020,Kareköklü İfadeler,Tam Sayı / Özel Tanımlar,Yorum,Orta,(Bir tam sayıdan karekökünün tam kısmı çıkıldığında sonuç tam kare oluyorsa o sayı matematikçidir.) 10–68 arasından hangisidir?,10,32,45,56,68,D,Kitap,bagimli,"[SORU] (Bir tam sayıdan karekökünün tam kısmı çıkıldığında sonuç tam kare oluyorsa o sayı matematikçidir.) 10–68 arasından hangisidir?
[A] 10
[B] 32
[C] 45
[D] 56
[E] 68
[GÖRSEL] Bu soru görsele bağlıdır.",Tam Sayı / Özel Tanımlar_Yorum
463,LGS,2025,Kareköklü İfadeler,Alan ve Geometri,Problem,Orta,"Kareli zeminde verilen yukarıdaki şeklin alanı 117 cm²'dir. Buna göre, |AB| kaç santimetredir?",2,3,6,9,,B,MEB,bagimli,"[SORU] Kareli zeminde verilen yukarıdaki şeklin alanı 117 cm²'dir. Buna göre, |AB| kaç santimetredir?
[A] 2
[B] 3
[C] 6
[D] 9
[GÖRSEL] Bu soru görsele bağlıdır.",Alan ve Geometri_Problem
100,LGS,2022,Kareköklü İfadeler,Yaklaşık Değer,Yorum,Kolay,Kerem oyuncak arabasını 10 cm'lik cetvel ile ölçüyor. Araba 2. cm'de başlıyor ve 8 ile 9 arasında (8.5'i geçmiş) bitiyor. Buna göre arabanın boyu hangisi olabilir?,4√2,2√10,5√3,7√2,8√3,B,MEB,destekleyici,"[SORU] Kerem oyuncak arabasını 10 cm'lik cetvel ile ölçüyor. Araba 2. cm'de başlıyor ve 8 ile 9 arasında (8.5'i geçmiş) bitiyor. Buna göre arabanın boyu hangisi olabilir?
[A] 4√2
[B] 2√10
[C] 5√3
[D] 7√2
[E] 8√3",Yaklaşık Değer_Yorum
122,LGS,2022,Kareköklü İfadeler,Yaklaşık Değer,Problem,Zor,Fotoğraf makinesi netleme. √180 m uzaklık. Derinlik mesafenin yarısı. Net bölge derinliğin 1/3'ü ağaç-makine arası. Net bölge aralığı?,43405,43040,43070,43435,13-19,C,MEB,destekleyici,"[SORU] Fotoğraf makinesi netleme. √180 m uzaklık. Derinlik mesafenin yarısı. Net bölge derinliğin 1/3'ü ağaç-makine arası. Net bölge aralığı?
[A] 43405
[B] 43040
[C] 43070
[D] 43435
[E] 13-19",Yaklaşık Değer_Problem
199,LGS,2025,Kareköklü İfadeler,Üslü ve Köklü İfadeler,Hesaplama,Kolay,(³√270 − ³√80) / ³√5 işlemi kaça eşittir?,1,³√2,2,√3,3,B,Kitap,yok,"[SORU] (³√270 − ³√80) / ³√5 işlemi kaça eşittir?
[A] 1
[B] ³√2
[C] 2
[D] √3
[E] 3",Üslü ve Köklü İfadeler_Hesaplama
545,LGS,2025,Kareköklü İfadeler,Alan ve Geometri,Problem,Orta,Uzun kenarı 24√3 cm olan 20 özdeş dikdörtgen birleştirilerek büyük bir dikdörtgen oluşturuluyor. Çevresi kaç cm'dir?,144√3,156√3,168√3,180√3,,B,MEB,bagimli,"[SORU] Uzun kenarı 24√3 cm olan 20 özdeş dikdörtgen birleştirilerek büyük bir dikdörtgen oluşturuluyor. Çevresi kaç cm'dir?
[A] 144√3
[B] 156√3
[C] 168√3
[D] 180√3
[GÖRSEL] Bu soru görsele bağlıdır.",Alan ve Geometri_Problem
154,LGS,2025,Kareköklü İfadeler,Üslü ve Köklü İfadeler,Hesaplama,Kolay,√((-27)^2) + ³√((-10)^3) - ⁴√(13^4) işlemi kaça eşittir?,2,3,4,5,6,C,Kitap,yok,"[SORU] √((-27)^2) + ³√((-10)^3) - ⁴√(13^4) işlemi kaça eşittir?
[A] 2
[B] 3
[C] 4
[D] 5
[E] 6",Üslü ve Köklü İfadeler_Hesaplama
565,LGS,2025,Kareköklü İfadeler,Algoritmik / Mantıksal Problemler,Problem,Orta,Kaan ve Doruk sayı oyunu oynuyor. Söylenen sayının √2 katının en yakın doğal sayısı söyleniyor. Kaan 3 ile başlıyor. Doruk 3. kez söylediğinde oyun bitiyor. Doruk hangisini söylemiş olamaz?,4,8,15,16,,D,MEB,yok,"[SORU] Kaan ve Doruk sayı oyunu oynuyor. Söylenen sayının √2 katının en yakın doğal sayısı söyleniyor. Kaan 3 ile başlıyor. Doruk 3. kez söylediğinde oyun bitiyor. Doruk hangisini söylemiş olamaz?
[A] 4
[B] 8
[C] 15
[D] 16",Algoritmik / Mantıksal Problemler_Problem
627,LGS,2019,Kareköklü İfadeler,Alan ve Geometri,Yorum,Orta,Bir dikdörtgen kâğıt kesilerek kare ve dikdörtgen elde ediliyor. Karenin alanı 27 cm² olup dikdörtgenin alanının 3 katıdır. Buna göre dikdörtgenin kısa kenarı kaç cm’dir?,9,2√3,3,√3,,D,MEB,bagimli,"[SORU] Bir dikdörtgen kâğıt kesilerek kare ve dikdörtgen elde ediliyor. Karenin alanı 27 cm² olup dikdörtgenin alanının 3 katıdır. Buna göre dikdörtgenin kısa kenarı kaç cm’dir?
[A] 9
[B] 2√3
[C] 3
[D] √3
[GÖRSEL] Bu soru görsele bağlıdır.",Alan ve Geometri_Yorum
330,LGS,2024,Kareköklü İfadeler,Alan ve Geometri,Problem,Orta,Dikdörtgen tarlanın kenarları 2√2 m ve 4√6 m. 1 m²’yi sulamak için yılda √3 m³ su kullanılıyor. Tarlanın tamamını sulamak için yılda kaç m³ su gerekir?,16,24,32,48,,D,Deneme,bagimli,"[SORU] Dikdörtgen tarlanın kenarları 2√2 m ve 4√6 m. 1 m²’yi sulamak için yılda √3 m³ su kullanılıyor. Tarlanın tamamını sulamak için yılda kaç m³ su gerekir?
[A] 16
[B] 24
[C] 32
[D] 48
[GÖRSEL] Bu soru görsele bağlıdır.",Alan ve Geometri_Problem
303,LGS,2024,Kareköklü İfadeler,Problem Çözme,Problem,Orta,Birim fiyatları köklü sayılarla verilen dört üründen her biri en az bir kez alınacaktır. Parası √2205 TL olan bir kişi en fazla kaç adet ürün alabilir?,5,7,8,10,-,B,Deneme,bagimli,"[SORU] Birim fiyatları köklü sayılarla verilen dört üründen her biri en az bir kez alınacaktır. Parası √2205 TL olan bir kişi en fazla kaç adet ürün alabilir?
[A] 5
[B] 7
[C] 8
[D] 10
[E] -
[GÖRSEL] Bu soru görsele bağlıdır.",Problem Çözme_Problem
248,LGS,2025,Kareköklü ifadeler,Denklemler,Hesaplama,Zor,M = (√(x + 3) − √(x − 1)) / (√(x + 3) + √(x − 1)) ise ifadenin M cinsinden değeri aşağıdakilerden hangisidir?,1/√M,2/M,4/M,M − 1,M²,C,Kitap,yok,"[SORU] M = (√(x + 3) − √(x − 1)) / (√(x + 3) + √(x − 1)) ise ifadenin M cinsinden değeri aşağıdakilerden hangisidir?
[A] 1/√M
[B] 2/M
[C] 4/M
[D] M − 1
[E] M²",Denklemler_Hesaplama
372,LGS,2020,Kareköklü İfadeler,İşlem ve Sadeleştirme,Hesaplama,Kolay,4√3 + √5 − 5√3 + 5√5 işleminin sonucu aşağıdakilerden hangisidir?,6√5 − √3,3√3 + 5√5,5√10,6√5 + √3,,D,Örnek,yok,"[SORU] 4√3 + √5 − 5√3 + 5√5 işleminin sonucu aşağıdakilerden hangisidir?
[A] 6√5 − √3
[B] 3√3 + 5√5
[C] 5√10
[D] 6√5 + √3",İşlem ve Sadeleştirme_Hesaplama
419,LGS,2025,Kareköklü İfadeler,Alan ve Geometri,Problem,Orta,Kenarlarından birinin uzunluğu √72 santimetre olan bir dikdörtgenin alanı santimetrekare cinsinden bir doğal sayıdır. Buna göre bu dikdörtgenin diğer kenarının uzunluğu santimetre cinsinden aşağıdakilerden hangisi olabilir?,√12,√18,√20,√28,,B,MEB,yok,"[SORU] Kenarlarından birinin uzunluğu √72 santimetre olan bir dikdörtgenin alanı santimetrekare cinsinden bir doğal sayıdır. Buna göre bu dikdörtgenin diğer kenarının uzunluğu santimetre cinsinden aşağıdakilerden hangisi olabilir?
[A] √12
[B] √18
[C] √20
[D] √28",Alan ve Geometri_Problem
558,LGS,2025,Kareköklü İfadeler,Alan ve Geometri,Problem,Zor,Alanı verilen dikdörtgen kağıt katlandıktan sonra AB kenarının uzunluğu hangi ardışık doğal sayılar arasındadır?,2 ile 3,3 ile 4,4 ile 5,5 ile 6,,B,MEB,bagimli,"[SORU] Alanı verilen dikdörtgen kağıt katlandıktan sonra AB kenarının uzunluğu hangi ardışık doğal sayılar arasındadır?
[A] 2 ile 3
[B] 3 ile 4
[C] 4 ile 5
[D] 5 ile 6
[GÖRSEL] Bu soru görsele bağlıdır.",Alan ve Geometri_Problem
227,LGS,2018,Kareköklü İfadeler,Yaklaşık Değer,Yorum,Kolay,Yukarıdaki sayı doğrusunda 7 ile 10'a karşılık gelen noktaların arası 6 eş parçaya ayrılmıştır. Buna göre A noktasına karşılık gelen sayı aşağıdakilerden hangisi olabilir?,√94,√88,√79,√68,,D,MEB,bagimli,"[SORU] Yukarıdaki sayı doğrusunda 7 ile 10'a karşılık gelen noktaların arası 6 eş parçaya ayrılmıştır. Buna göre A noktasına karşılık gelen sayı aşağıdakilerden hangisi olabilir?
[A] √94
[B] √88
[C] √79
[D] √68
[GÖRSEL] Bu soru görsele bağlıdır.",Yaklaşık Değer_Yorum
544,LGS,2025,Kareköklü İfadeler,Alan ve Geometri,Problem,Kolay,Alanı 300 cm² olan sarı kağıda 4 eş mavi dikdörtgen çiziliyor. Boyanmayan alan 60 cm²'dir. Bir mavi dikdörtgenin kısa kenarı kaç cm'dir?,√3,2√3,3√3,4√3,,A,MEB,bagimli,"[SORU] Alanı 300 cm² olan sarı kağıda 4 eş mavi dikdörtgen çiziliyor. Boyanmayan alan 60 cm²'dir. Bir mavi dikdörtgenin kısa kenarı kaç cm'dir?
[A] √3
[B] 2√3
[C] 3√3
[D] 4√3
[GÖRSEL] Bu soru görsele bağlıdır.",Alan ve Geometri_Problem
613,LGS,2022,Kareköklü İfadeler,Problem Çözme,Yorum,Orta,Top yuvarlama oyununda sonuçlara göre Mehmet'in topunun başlangıç çizgisine uzaklığı kaç metre olabilir?,5,7,10,12,,D,MEB,destekleyici,"[SORU] Top yuvarlama oyununda sonuçlara göre Mehmet'in topunun başlangıç çizgisine uzaklığı kaç metre olabilir?
[A] 5
[B] 7
[C] 10
[D] 12",Problem Çözme_Yorum
537,LGS,2025,Kareköklü İfadeler,Yaklaşık Değer,Yorum,Orta,Verilen şekle göre [AB] uzunluğu hangi ardışık iki tam sayı arasındadır?,17 ile 18,18 ile 19,19 ile 20,20 ile 21,,B,MEB,bagimli,"[SORU] Verilen şekle göre [AB] uzunluğu hangi ardışık iki tam sayı arasındadır?
[A] 17 ile 18
[B] 18 ile 19
[C] 19 ile 20
[D] 20 ile 21
[GÖRSEL] Bu soru görsele bağlıdır.",Yaklaşık Değer_Yorum
1,LGS,2020,Kareköklü İfadeler,İşlem ve Sadeleştirme,Hesaplama,Orta,∛(3√2) · √(2√3) / ⁴√12 işleminin sonucu kaçtır?,1,∛2,∛6,√3,2,C,Örnek,yok,"[SORU] ∛(3√2) · √(2√3) / ⁴√12 işleminin sonucu kaçtır?
[A] 1
[B] ∛2
[C] ∛6
[D] √3
[E] 2",İşlem ve Sadeleştirme_Hesaplama
394,LGS,2020,Kareköklü İfadeler,Tam Sayı / Özel Tanımlar,Yorum,Orta,"I. √15  II. 2,7 devirli  III. -√625  IV. -0,025 devirli  Yukarıdaki sayılardan kaç tanesi rasyonel sayı değildir?",1,2,3,4,,A,Kitap,yok,"[SORU] I. √15  II. 2,7 devirli  III. -√625  IV. -0,025 devirli  Yukarıdaki sayılardan kaç tanesi rasyonel sayı değildir?
[A] 1
[B] 2
[C] 3
[D] 4",Tam Sayı / Özel Tanımlar_Yorum
259,LGS,2025,Kareköklü ifadeler,Üslü ve Köklü İfadeler,Hesaplama,Zor,√(√2 − 1) · ³√(√2 + 1) · ⁶√(√2 + 1) işlemi kaça eşittir?,1,⁶√2,³√2,√2,2,A,Kitap,yok,"[SORU] √(√2 − 1) · ³√(√2 + 1) · ⁶√(√2 + 1) işlemi kaça eşittir?
[A] 1
[B] ⁶√2
[C] ³√2
[D] √2
[E] 2",Üslü ve Köklü İfadeler_Hesaplama
641,LGS,2021,Kareköklü İfadeler,Üslü ve Köklü İfadeler,Yorum,Orta,4³ sayısının kareköklü gösterimi aşağıdakilerden hangisidir?,√64,√256,√16,√32,,B,MEB,bagimli,"[SORU] 4³ sayısının kareköklü gösterimi aşağıdakilerden hangisidir?
[A] √64
[B] √256
[C] √16
[D] √32
[GÖRSEL] Bu soru görsele bağlıdır.",Üslü ve Köklü İfadeler_Yorum
81,LGS,2025,Kareköklü İfadeler,İşlem ve Sadeleştirme,Hesaplama,Orta,x = √3 − 2 ise (x + 1)·(x + 2)·(x + 3) çarpımı kaç eşittir?,2,√3 − 1,√3,2√3,√3 + 1,C,Deneme,yok,"[SORU] x = √3 − 2 ise (x + 1)·(x + 2)·(x + 3) çarpımı kaç eşittir?
[A] 2
[B] √3 − 1
[C] √3
[D] 2√3
[E] √3 + 1",İşlem ve Sadeleştirme_Hesaplama
488,LGS,2025,Kareköklü İfadeler,İşlem ve Sadeleştirme,Hesaplama,Kolay,√45 + √125 + √20 işleminin sonucu kaçtır?,√170,√190,10√5,38√5,,C,MEB,yok,"[SORU] √45 + √125 + √20 işleminin sonucu kaçtır?
[A] √170
[B] √190
[C] 10√5
[D] 38√5",İşlem ve Sadeleştirme_Hesaplama
2,LGS,2020,Kareköklü İfadeler,İşlem ve Sadeleştirme,Yorum,Kolay,1/(√2+1) + 1/(√3+√2) + ... + 1/(√121+√120) işleminin sonucu kaçtır?,9,10,11,12,13,B,Deneme,yok,"[SORU] 1/(√2+1) + 1/(√3+√2) + ... + 1/(√121+√120) işleminin sonucu kaçtır?
[A] 9
[B] 10
[C] 11
[D] 12
[E] 13",İşlem ve Sadeleştirme_Yorum
616,LGS,2021,Kareköklü İfadeler,Yaklaşık Değer,Yorum,Zor,Cetvel üzerindeki daire çapının uzunluğu aşağıdakilerden hangisi olabilir?,2√5,2√6,3√3,4√3,,B,MEB,destekleyici,"[SORU] Cetvel üzerindeki daire çapının uzunluğu aşağıdakilerden hangisi olabilir?
[A] 2√5
[B] 2√6
[C] 3√3
[D] 4√3",Yaklaşık Değer_Yorum
654,LGS,2018,Kareköklü İfadeler,İşlem ve Sadeleştirme,Yorum,Orta,√20 · √5 işleminin sonucu kaçtır?,√100,10,5√4,20,,B,MEB,yok,"[SORU] √20 · √5 işleminin sonucu kaçtır?
[A] √100
[B] 10
[C] 5√4
[D] 20",İşlem ve Sadeleştirme_Yorum
490,LGS,2025,Kareköklü İfadeler,İşlem ve Sadeleştirme,Hesaplama,Kolay,√96 − √54 + √150 işleminin sonucu aşağıdakilerden hangisidir?,12√6,12√2,6√6,8√3,,C,MEB,yok,"[SORU] √96 − √54 + √150 işleminin sonucu aşağıdakilerden hangisidir?
[A] 12√6
[B] 12√2
[C] 6√6
[D] 8√3",İşlem ve Sadeleştirme_Hesaplama
482,LGS,2025,Kareköklü İfadeler,Alan ve Geometri,Hesaplama,Kolay,"Alanı 288 cm² olan karenin çevre uzunluğu ile bir eşkenar üçgenin çevre uzunluğu birbirine eşittir. Buna göre, eşkenar üçgenin bir kenar uzunluğu kaç santimetredir?",8√2,16√2,24√2,32√2,,B,MEB,yok,"[SORU] Alanı 288 cm² olan karenin çevre uzunluğu ile bir eşkenar üçgenin çevre uzunluğu birbirine eşittir. Buna göre, eşkenar üçgenin bir kenar uzunluğu kaç santimetredir?
[A] 8√2
[B] 16√2
[C] 24√2
[D] 32√2",Alan ve Geometri_Hesaplama
403,LGS,2020,Kareköklü İfadeler,Tam Sayı / Özel Tanımlar,Problem,Orta,abc üç basamaklı bir doğal sayıdır. √abc bir rasyonel sayı olduğuna göre a + b + c aşağıdakilerden hangisi olabilir?,2,5,16,25,,C,Kitap,yok,"[SORU] abc üç basamaklı bir doğal sayıdır. √abc bir rasyonel sayı olduğuna göre a + b + c aşağıdakilerden hangisi olabilir?
[A] 2
[B] 5
[C] 16
[D] 25",Tam Sayı / Özel Tanımlar_Problem
507,LGS,2025,Kareköklü İfadeler,Problem Çözme,Hesaplama,Kolay,"Şekilde, Ali ile Ayşe'nin bayrak direğine olan uzaklıkları verilmiştir. Her biri bayrak direğine doğru √8 m yürüdüğünde, aralarındaki mesafe kaç metre olur?",√2,2√2,3√2,4√2,,C,MEB,bagimli,"[SORU] Şekilde, Ali ile Ayşe'nin bayrak direğine olan uzaklıkları verilmiştir. Her biri bayrak direğine doğru √8 m yürüdüğünde, aralarındaki mesafe kaç metre olur?
[A] √2
[B] 2√2
[C] 3√2
[D] 4√2
[GÖRSEL] Bu soru görsele bağlıdır.",Problem Çözme_Hesaplama
612,LGS,2022,Kareköklü İfadeler,Alan ve Geometri,Yorum,Orta,Üst üste yapıştırılan kare kartlarda görünen alanlar eşittir. Sarı bölgenin çevresi 20 cm ise A ile B arası kaç cm'dir?,9,8,7,6,,B,MEB,bagimli,"[SORU] Üst üste yapıştırılan kare kartlarda görünen alanlar eşittir. Sarı bölgenin çevresi 20 cm ise A ile B arası kaç cm'dir?
[A] 9
[B] 8
[C] 7
[D] 6
[GÖRSEL] Bu soru görsele bağlıdır.",Alan ve Geometri_Yorum
418,LGS,2025,Kareköklü İfadeler,Problem Çözme,Problem,Orta,√32 sayısı aşağıdaki sayılardan hangisi ile çarpılırsa sonuç 20 ile 30 arasında bir doğal sayı olur?,√2,√8,√18,√24,,C,MEB,yok,"[SORU] √32 sayısı aşağıdaki sayılardan hangisi ile çarpılırsa sonuç 20 ile 30 arasında bir doğal sayı olur?
[A] √2
[B] √8
[C] √18
[D] √24",Problem Çözme_Problem
43,LGS,2020,Kareköklü İfadeler,Üslü ve Köklü İfadeler,Hesaplama,Kolay,(⁶√6 − ⁴√5) · (⁶√6 + ⁴√5) · (√6 + √5) işleminin sonucu kaçtır?,1,⁶√2,⁶√3,√2,2,A,Örnek,bagimli,"[SORU] (⁶√6 − ⁴√5) · (⁶√6 + ⁴√5) · (√6 + √5) işleminin sonucu kaçtır?
[A] 1
[B] ⁶√2
[C] ⁶√3
[D] √2
[E] 2
[GÖRSEL] Bu soru görsele bağlıdır.",Üslü ve Köklü İfadeler_Hesaplama
510,LGS,2025,Kareköklü İfadeler,Alan ve Geometri,Hesaplama,Kolay,Bir yüzünün alanı 50 cm² olan kare biçimindeki kartondan şekildeki gibi bir kenarı √2 cm olan bir dikdörtgen kesikli çizgiler boyunca kesilip atılıyor. Buna göre geriye kalan parçanın bir yüzünün alanı kaç santimetrekaredir?,42,40,25√2,20√2,,B,MEB,bagimli,"[SORU] Bir yüzünün alanı 50 cm² olan kare biçimindeki kartondan şekildeki gibi bir kenarı √2 cm olan bir dikdörtgen kesikli çizgiler boyunca kesilip atılıyor. Buna göre geriye kalan parçanın bir yüzünün alanı kaç santimetrekaredir?
[A] 42
[B] 40
[C] 25√2
[D] 20√2
[GÖRSEL] Bu soru görsele bağlıdır.",Alan ve Geometri_Hesaplama
392,LGS,2020,Kareköklü İfadeler,İşlem ve Sadeleştirme,Hesaplama,Orta,"(√1,44)/(√0,09 + √0,81) − 1/√0,01 işleminin sonucu kaçtır?",-11,-9,9,11,,B,Kitap,yok,"[SORU] (√1,44)/(√0,09 + √0,81) − 1/√0,01 işleminin sonucu kaçtır?
[A] -11
[B] -9
[C] 9
[D] 11",İşlem ve Sadeleştirme_Hesaplama
94,LGS,2022,Kareköklü İfadeler,Yaklaşık Değer,Problem,Orta,"Uğur Öğretmen, 2 birim kare ile oluşturulan şeklin alanının 1 birim kareye yakın olduğundan √2 nin değerinin √1=1 e daha yakın olduğunu, 3, 5, 6 birim karelerin 4 e yakın olduğundan √5 ve √6 nın √4=2 ye yakın olduğunu söylemiştir. Buna göre öğrencilerin karekökünün en yakın olduğu doğal sayı 3 olan kaç farklı şekil çizmesi gerekir?",3,11,7,9,5,E,MEB,destekleyici,"[SORU] Uğur Öğretmen, 2 birim kare ile oluşturulan şeklin alanının 1 birim kareye yakın olduğundan √2 nin değerinin √1=1 e daha yakın olduğunu, 3, 5, 6 birim karelerin 4 e yakın olduğundan √5 ve √6 nın √4=2 ye yakın olduğunu söylemiştir. Buna göre öğrencilerin karekökünün en yakın olduğu doğal sayı 3 olan kaç farklı şekil çizmesi gerekir?
[A] 3
[B] 11
[C] 7
[D] 9
[E] 5",Yaklaşık Değer_Problem
589,LGS,2025,Kareköklü İfadeler,Üslü ve Köklü İfadeler,Yorum,Orta,"Tahtada 'İki farklı irrasyonel sayının çarpımı bir rasyonel sayı olabilir' yazıyor. Öğrenciler örnek veriyor (Kerem, Doruk, Tunahan, Eylül). Hangisininki uygun değildir? (Örn: Eylül 2√3 ile √72 demiş)",Kerem,Doruk,Tunahan,Eylül,,D,MEB,yok,"[SORU] Tahtada 'İki farklı irrasyonel sayının çarpımı bir rasyonel sayı olabilir' yazıyor. Öğrenciler örnek veriyor (Kerem, Doruk, Tunahan, Eylül). Hangisininki uygun değildir? (Örn: Eylül 2√3 ile √72 demiş)
[A] Kerem
[B] Doruk
[C] Tunahan
[D] Eylül",Üslü ve Köklü İfadeler_Yorum
541,LGS,2025,Kareköklü İfadeler,Alan ve Geometri,Problem,Zor,"Kareli kağıtta A,B,C,D noktaları var. Kağıt katlanıyor, E ve F noktaları oluşuyor. |EF| = √242 cm ise |CD| arası uzaklık kaç cm'dir?",11√2 / 2,7√2,21√2 / 2,14√2,,D,MEB,bagimli,"[SORU] Kareli kağıtta A,B,C,D noktaları var. Kağıt katlanıyor, E ve F noktaları oluşuyor. |EF| = √242 cm ise |CD| arası uzaklık kaç cm'dir?
[A] 11√2 / 2
[B] 7√2
[C] 21√2 / 2
[D] 14√2
[GÖRSEL] Bu soru görsele bağlıdır.",Alan ve Geometri_Problem
287,LGS,2025,Kareköklü ifadeler,Üslü ve Köklü İfadeler,Hesaplama,Orta,³√(10 − √2) · ³√(10 + √2) işlemi kaça eşittir?,1,√2,2,√5,√10,C,Kitap,yok,"[SORU] ³√(10 − √2) · ³√(10 + √2) işlemi kaça eşittir?
[A] 1
[B] √2
[C] 2
[D] √5
[E] √10",Üslü ve Köklü İfadeler_Hesaplama
693,LGS,2019,Kareköklü İfadeler,İşlem ve Sadeleştirme,Hesaplama,Zor,√300 = m√n verilen eşitlikte m asal sayıdır. Buna göre n'nin alabileceği doğal sayı değerlerinin toplamı kaçtır?,33,42,87,90,,C,MEB,yok,"[SORU] √300 = m√n verilen eşitlikte m asal sayıdır. Buna göre n'nin alabileceği doğal sayı değerlerinin toplamı kaçtır?
[A] 33
[B] 42
[C] 87
[D] 90",İşlem ve Sadeleştirme_Hesaplama
634,LGS,2019,Kareköklü İfadeler,Alan ve Geometri,Yorum,Orta,Bir dikdörtgenin kenarları √12 cm ve √27 cm’dir. Alanı kaç cm²’dir?,18,6√6,36,9√3,,A,MEB,yok,"[SORU] Bir dikdörtgenin kenarları √12 cm ve √27 cm’dir. Alanı kaç cm²’dir?
[A] 18
[B] 6√6
[C] 36
[D] 9√3",Alan ve Geometri_Yorum
78,LGS,2020,Kareköklü İfadeler,Karşılaştırma ve Sıralama,Yorum,Orta,"0 < x < 1 olmak üzere a=⁵√(x^4), b=⁴√(x^3), c=¹⁰√(x^7). Buna göre aşağıdaki sıralamalardan hangisi doğrudur?",b < a < c,a < c < b,a < b < c,c < a < b,b < c < a,C,Kitap,yok,"[SORU] 0 < x < 1 olmak üzere a=⁵√(x^4), b=⁴√(x^3), c=¹⁰√(x^7). Buna göre aşağıdaki sıralamalardan hangisi doğrudur?
[A] b < a < c
[B] a < c < b
[C] a < b < c
[D] c < a < b
[E] b < c < a",Karşılaştırma ve Sıralama_Yorum
643,LGS,2019,Kareköklü İfadeler,İşlem ve Sadeleştirme,Yorum,Orta,√72 + √8 işleminin sonucu kaçtır?,√80,10√2,6√2,8√2,,B,MEB,yok,"[SORU] √72 + √8 işleminin sonucu kaçtır?
[A] √80
[B] 10√2
[C] 6√2
[D] 8√2",İşlem ve Sadeleştirme_Yorum
591,LGS,2025,Kareköklü İfadeler,Alan ve Geometri,Yorum,Orta,"Doruk, ayrıtlarının uzunlukları √20 cm, √20 cm ve 0,2 cm olan prizma biçimindeki 15 taşı aralarında eşit mesafe olacak şekilde aşağıdaki gibi aynı hizada birbirine paralel dizmiştir. Ardışık taşlar arasındaki uzaklık bir tam sayı eşit olduğuna göre A ile B noktaları arasındaki uzaklık en fazla kaç santimetre olur?",57,59,61,63,,B,MEB,bagimli,"[SORU] Doruk, ayrıtlarının uzunlukları √20 cm, √20 cm ve 0,2 cm olan prizma biçimindeki 15 taşı aralarında eşit mesafe olacak şekilde aşağıdaki gibi aynı hizada birbirine paralel dizmiştir. Ardışık taşlar arasındaki uzaklık bir tam sayı eşit olduğuna göre A ile B noktaları arasındaki uzaklık en fazla kaç santimetre olur?
[A] 57
[B] 59
[C] 61
[D] 63
[GÖRSEL] Bu soru görsele bağlıdır.",Alan ve Geometri_Yorum
579,LGS,2025,Kareköklü İfadeler,Problem Çözme,Problem,Kolay,Tabure yüksekliği her turda √3 cm artmaktadır. En çok kaç tam tur döner?,6,7,8,9,,C,MEB,bagimli,"[SORU] Tabure yüksekliği her turda √3 cm artmaktadır. En çok kaç tam tur döner?
[A] 6
[B] 7
[C] 8
[D] 9
[GÖRSEL] Bu soru görsele bağlıdır.",Problem Çözme_Problem
421,LGS,2025,Kareköklü İfadeler,Alan ve Geometri,Problem,Kolay,Alanı 108 cm² olan karesel bölgenin çevresinin uzunluğu kaç santimetredir?,12√3,18√3,24√3,28√2,,C,MEB,yok,"[SORU] Alanı 108 cm² olan karesel bölgenin çevresinin uzunluğu kaç santimetredir?
[A] 12√3
[B] 18√3
[C] 24√3
[D] 28√2",Alan ve Geometri_Problem
281,LGS,2024,Kareköklü ifadeler,Yaklaşık Değer,Problem,Orta,"Bir televizyonun ses seviyesi ile ses göstergesi arasındaki ilişki verilmiştir. Bu ilişkide, ses seviyesini gösteren sayı tam kare ise karekök değeri, tam kare değil ise karekök değerinin en yakın olduğu doğal sayı değeri, hoparlör sembolünün yanındaki çizgi sayısı ile gösterilmektedir. Bu televizyonun ses göstergesi hoparlör sembolünün yanında 3 çizgi iken, ses seviyesi en fazla kaçtır?",10,11,12,13,-,C,MEB,bagimli,"[SORU] Bir televizyonun ses seviyesi ile ses göstergesi arasındaki ilişki verilmiştir. Bu ilişkide, ses seviyesini gösteren sayı tam kare ise karekök değeri, tam kare değil ise karekök değerinin en yakın olduğu doğal sayı değeri, hoparlör sembolünün yanındaki çizgi sayısı ile gösterilmektedir. Bu televizyonun ses göstergesi hoparlör sembolünün yanında 3 çizgi iken, ses seviyesi en fazla kaçtır?
[A] 10
[B] 11
[C] 12
[D] 13
[E] -
[GÖRSEL] Bu soru görsele bağlıdır.",Yaklaşık Değer_Problem
633,LGS,2020,Kareköklü İfadeler,Üslü ve Köklü İfadeler,Yorum,Orta,2⁴ · 2² işleminin kareköklü biçimde yazılışı aşağıdakilerden hangisidir?,√64,√32,√16,√8,,A,MEB,bagimli,"[SORU] 2⁴ · 2² işleminin kareköklü biçimde yazılışı aşağıdakilerden hangisidir?
[A] √64
[B] √32
[C] √16
[D] √8
[GÖRSEL] Bu soru görsele bağlıdır.",Üslü ve Köklü İfadeler_Yorum
159,LGS,2025,Kareköklü İfadeler,Yaklaşık Değer,Yorum,Kolay,"Ağacın tepesi 4m, ilk dalı 3m. Kuşun konduğu dalın yüksekliği hangisi olabilir?",√5,√7,√14,√18,√6,C,Kitap,destekleyici,"[SORU] Ağacın tepesi 4m, ilk dalı 3m. Kuşun konduğu dalın yüksekliği hangisi olabilir?
[A] √5
[B] √7
[C] √14
[D] √18
[E] √6",Yaklaşık Değer_Yorum
219,LGS,2025,Kareköklü İfadeler,Problem Çözme,Problem,Kolay,Yukarıda √72 birim uzunluğunda bir yolun başının ve sonunun belli bir kısmı çizilmiştir. Bu yola ³√(2√2) birim mesafede bir aydınlatma direkleri koymak istersek kaç tane aydınlatma direğine ihtiyacımız olur? (Direklerin genişliği dikkate alınmayacak),6,7,8,9,10,B,Kitap,destekleyici,"[SORU] Yukarıda √72 birim uzunluğunda bir yolun başının ve sonunun belli bir kısmı çizilmiştir. Bu yola ³√(2√2) birim mesafede bir aydınlatma direkleri koymak istersek kaç tane aydınlatma direğine ihtiyacımız olur? (Direklerin genişliği dikkate alınmayacak)
[A] 6
[B] 7
[C] 8
[D] 9
[E] 10",Problem Çözme_Problem
156,LGS,2025,Kareköklü İfadeler,Karşılaştırma ve Sıralama,Yorum,Kolay,"a=√3, b=³√5, c=⁶√26 ise a,b,c nin sıralanışı nasıldır?",a<c<b,b<a<c,c<a<b,b<c<a,a<b<c,C,Kitap,yok,"[SORU] a=√3, b=³√5, c=⁶√26 ise a,b,c nin sıralanışı nasıldır?
[A] a<c<b
[B] b<a<c
[C] c<a<b
[D] b<c<a
[E] a<b<c",Karşılaştırma ve Sıralama_Yorum
27,LGS,2020,Kareköklü İfadeler,Üslü ve Köklü İfadeler,Hesaplama,Orta,A sayısı tüm pozitif rakamların kareköklerinin çarpımına eşittir. A·√x ifadesinin rasyonel olması için x'in alabileceği en küçük tam sayı nedir?,15,35,70,105,140,C,Deneme,yok,"[SORU] A sayısı tüm pozitif rakamların kareköklerinin çarpımına eşittir. A·√x ifadesinin rasyonel olması için x'in alabileceği en küçük tam sayı nedir?
[A] 15
[B] 35
[C] 70
[D] 105
[E] 140",Üslü ve Köklü İfadeler_Hesaplama
547,LGS,2025,Kareköklü İfadeler,Algoritmik / Mantıksal Problemler,Problem,Zor,Kartlarla yapılan çarpma işlemlerinde sonuçlar verilmiştir. x sayısı 8 ile 9 arasındadır. Buna göre x'i elde etmek için kullanılan kart hangisidir?,√6,√2,√3,2,,D,MEB,destekleyici,"[SORU] Kartlarla yapılan çarpma işlemlerinde sonuçlar verilmiştir. x sayısı 8 ile 9 arasındadır. Buna göre x'i elde etmek için kullanılan kart hangisidir?
[A] √6
[B] √2
[C] √3
[D] 2",Algoritmik / Mantıksal Problemler_Problem
38,LGS,2020,Kareköklü İfadeler,Üslü ve Köklü İfadeler,Hesaplama,Kolay,√2 · (√5 + √3) · √(4 − √15) işleminin sonucu kaçtır?,1,√2,2,√3,√5,B,Kitap,yok,"[SORU] √2 · (√5 + √3) · √(4 − √15) işleminin sonucu kaçtır?
[A] 1
[B] √2
[C] 2
[D] √3
[E] √5",Üslü ve Köklü İfadeler_Hesaplama
380,LGS,2020,Kareköklü İfadeler,Alan ve Geometri,Problem,Zor,Yukarıdaki şekilde alanı 108 cm² olan karenin içerisinden alanları 27 cm² ve 12 cm² olan kareler çıkarılmıştır. Buna göre şeklin çevresi kaç santimetredir?,24√3,30√3,34√3,44√3,,C,Deneme,bagimli,"[SORU] Yukarıdaki şekilde alanı 108 cm² olan karenin içerisinden alanları 27 cm² ve 12 cm² olan kareler çıkarılmıştır. Buna göre şeklin çevresi kaç santimetredir?
[A] 24√3
[B] 30√3
[C] 34√3
[D] 44√3
[GÖRSEL] Bu soru görsele bağlıdır.",Alan ve Geometri_Problem
395,LGS,2020,Kareköklü İfadeler,Tam Sayı / Özel Tanımlar,Hesaplama,Kolay,"0,7 devirli ondalık gösteriminin rasyonel sayı olarak ifadesi aşağıdakilerden hangisidir?",7/10,7/9,14/9,7/3,,B,Örnek,yok,"[SORU] 0,7 devirli ondalık gösteriminin rasyonel sayı olarak ifadesi aşağıdakilerden hangisidir?
[A] 7/10
[B] 7/9
[C] 14/9
[D] 7/3",Tam Sayı / Özel Tanımlar_Hesaplama
337,LGS,2020,Kareköklü İfadeler,İşlem ve Sadeleştirme,Hesaplama,Orta,a² = 16 ve b² = 25 olduğuna göre a − b işleminin sonucu en az kaçtır?,-9,-1,1,9,,A,Kitap,yok,"[SORU] a² = 16 ve b² = 25 olduğuna göre a − b işleminin sonucu en az kaçtır?
[A] -9
[B] -1
[C] 1
[D] 9",İşlem ve Sadeleştirme_Hesaplama
605,LGS,2024,Kareköklü İfadeler,Yaklaşık Değer,Yorum,Orta,"Bir televizyonun ses seviyesi ile ses göstergesi arasındaki ilişki verilmiştir. Ses seviyesi tam kare ise karekök değeri, değilse en yakın doğal sayı gösterilmektedir. Buna göre ses seviyesi en fazla kaçtır?",10,11,12,13,,C,MEB,bagimli,"[SORU] Bir televizyonun ses seviyesi ile ses göstergesi arasındaki ilişki verilmiştir. Ses seviyesi tam kare ise karekök değeri, değilse en yakın doğal sayı gösterilmektedir. Buna göre ses seviyesi en fazla kaçtır?
[A] 10
[B] 11
[C] 12
[D] 13
[GÖRSEL] Bu soru görsele bağlıdır.",Yaklaşık Değer_Yorum
142,LGS,2025,Kareköklü İfadeler,Üslü ve Köklü İfadeler,Hesaplama,Kolay,"a ve b 1 den büyük doğal sayılar olmak üzere, ⁴√80 = a . ⁴√b ise a+b toplamı kaçtır?",3,4,5,7,8,D,Kitap,yok,"[SORU] a ve b 1 den büyük doğal sayılar olmak üzere, ⁴√80 = a . ⁴√b ise a+b toplamı kaçtır?
[A] 3
[B] 4
[C] 5
[D] 7
[E] 8",Üslü ve Köklü İfadeler_Hesaplama
449,LGS,2025,Kareköklü İfadeler,Tam Sayı / Özel Tanımlar,Yorum,Orta,Aşağıdaki çarpma işlemlerinden hangisinin sonucu bir tam kare sayı değildir?,12×48,50×18,24×54,75×15,,D,MEB,yok,"[SORU] Aşağıdaki çarpma işlemlerinden hangisinin sonucu bir tam kare sayı değildir?
[A] 12×48
[B] 50×18
[C] 24×54
[D] 75×15",Tam Sayı / Özel Tanımlar_Yorum
257,LGS,2021,Kareköklü ifadeler,Yaklaşık Değer,Yorum,Orta,"Yukarıda, çapı KL doğru parçası olan daire şeklinde bir karton ve eş bölmelere ayrılmış 10 santimetrelik bir cetvel verilmiştir. KL doğru parçası, K noktası 2’ye karşılık gelecek şekilde cetvelin kenarı ile çakıştırıldığında L noktası 6 ile 7 arasında, 7’ye daha yakın bir noktaya karşılık gelmektedir. Buna göre KL doğru parçasının uzunluğu, santimetre cinsinden aşağıdakilerden hangisi olabilir?",2√5,2√6,3√3,4√3,-,B,MEB,bagimli,"[SORU] Yukarıda, çapı KL doğru parçası olan daire şeklinde bir karton ve eş bölmelere ayrılmış 10 santimetrelik bir cetvel verilmiştir. KL doğru parçası, K noktası 2’ye karşılık gelecek şekilde cetvelin kenarı ile çakıştırıldığında L noktası 6 ile 7 arasında, 7’ye daha yakın bir noktaya karşılık gelmektedir. Buna göre KL doğru parçasının uzunluğu, santimetre cinsinden aşağıdakilerden hangisi olabilir?
[A] 2√5
[B] 2√6
[C] 3√3
[D] 4√3
[E] -
[GÖRSEL] Bu soru görsele bağlıdır.",Yaklaşık Değer_Yorum
374,LGS,2020,Kareköklü İfadeler,Alan ve Geometri,Problem,Zor,Aşağıda kenar uzunlukları santimetre cinsinden verilen çokgenlerden hangisinin çevresi diğerlerinden farklıdır?,A,B,C,D,,C,Deneme,bagimli,"[SORU] Aşağıda kenar uzunlukları santimetre cinsinden verilen çokgenlerden hangisinin çevresi diğerlerinden farklıdır?
[A] A
[B] B
[C] C
[D] D
[GÖRSEL] Bu soru görsele bağlıdır.",Alan ve Geometri_Problem
123,LGS,2022,Kareköklü İfadeler,Problem Çözme,Problem,Zor,"""Aldım verdim"" oyunu. Bora ayakkabı √512, Işıl √450. 11. adımda Işıl kazanıyor. Mesafe dm cinsinden ne olabilir?",51,56,61,66,71,B,MEB,destekleyici,"[SORU] ""Aldım verdim"" oyunu. Bora ayakkabı √512, Işıl √450. 11. adımda Işıl kazanıyor. Mesafe dm cinsinden ne olabilir?
[A] 51
[B] 56
[C] 61
[D] 66
[E] 71",Problem Çözme_Problem
194,LGS,2025,Kareköklü İfadeler,Denklemler,Hesaplama,Zor,√(x + 3 − 4√(x − 1)) = 1 ise x sayısının alabileceği değerler toplamı kaçtır?,2,4,6,8,12,E,Kitap,yok,"[SORU] √(x + 3 − 4√(x − 1)) = 1 ise x sayısının alabileceği değerler toplamı kaçtır?
[A] 2
[B] 4
[C] 6
[D] 8
[E] 12",Denklemler_Hesaplama
217,LGS,2025,Kareköklü İfadeler,Üslü ve Köklü İfadeler,Hesaplama,Zor,⁴√(2 − √3) · √(√6 + √2) işlemi kaça eşittir?,1,√2,√3,2√3,√6,B,Kitap,yok,"[SORU] ⁴√(2 − √3) · √(√6 + √2) işlemi kaça eşittir?
[A] 1
[B] √2
[C] √3
[D] 2√3
[E] √6",Üslü ve Köklü İfadeler_Hesaplama
647,LGS,2019,Kareköklü İfadeler,Alan ve Geometri,Yorum,Orta,Alanı 75 cm² olan bir karenin bir kenarı kaç cm’dir?,5√3,25,√75,3√5,,A,MEB,yok,"[SORU] Alanı 75 cm² olan bir karenin bir kenarı kaç cm’dir?
[A] 5√3
[B] 25
[C] √75
[D] 3√5",Alan ve Geometri_Yorum
504,LGS,2025,Kareköklü İfadeler,İşlem ve Sadeleştirme,Hesaplama,Kolay,Aşağıdaki sayılardan hangisi √80 ile toplanırsa toplam √180 olur?,√20,√40,√80,√100,,A,MEB,yok,"[SORU] Aşağıdaki sayılardan hangisi √80 ile toplanırsa toplam √180 olur?
[A] √20
[B] √40
[C] √80
[D] √100",İşlem ve Sadeleştirme_Hesaplama
582,LGS,2025,Kareköklü İfadeler,Algoritmik / Mantıksal Problemler,Problem,Zor,"Robot hareketi. Sisteme girilen köklü sayı en yakın tam sayı kadar hareket ettiriyor. Büyükse sağa, küçükse yukarı. Hangi sayılarla bitişe ulaşır?",√15 ile √10,√15 ile √8,√17 ile √10,√17 ile √8,,D,MEB,bagimli,"[SORU] Robot hareketi. Sisteme girilen köklü sayı en yakın tam sayı kadar hareket ettiriyor. Büyükse sağa, küçükse yukarı. Hangi sayılarla bitişe ulaşır?
[A] √15 ile √10
[B] √15 ile √8
[C] √17 ile √10
[D] √17 ile √8
[GÖRSEL] Bu soru görsele bağlıdır.",Algoritmik / Mantıksal Problemler_Problem
389,LGS,2020,Kareköklü İfadeler,Tam Sayı / Özel Tanımlar,Problem,Orta,"ab iki basamaklı bir doğal sayıdır. √1,ab bir rasyonel sayı olduğuna göre a + b aşağıdakilerden hangisi olamaz?",3,8,12,15,,C,Kitap,yok,"[SORU] ab iki basamaklı bir doğal sayıdır. √1,ab bir rasyonel sayı olduğuna göre a + b aşağıdakilerden hangisi olamaz?
[A] 3
[B] 8
[C] 12
[D] 15",Tam Sayı / Özel Tanımlar_Problem
376,LGS,2020,Kareköklü İfadeler,Alan ve Geometri,Problem,Orta,Alanı 200 m² olan dikdörtgen şeklindeki bir bahçenin kenar uzunluklarının oranı 3/2 olduğuna göre bu bahçenin çevresi kaç metredir?,7√10,14√5,14√10,28√5,,D,Kitap,yok,"[SORU] Alanı 200 m² olan dikdörtgen şeklindeki bir bahçenin kenar uzunluklarının oranı 3/2 olduğuna göre bu bahçenin çevresi kaç metredir?
[A] 7√10
[B] 14√5
[C] 14√10
[D] 28√5",Alan ve Geometri_Problem
347,LGS,2020,Kareköklü İfadeler,Kök Sadeleştirme,Hesaplama,Orta,a ve b doğal sayılardır. √252 = a√b olduğuna göre b’nin alabileceği en küçük değer kaçtır?,2,6,7,14,,C,Kitap,yok,"[SORU] a ve b doğal sayılardır. √252 = a√b olduğuna göre b’nin alabileceği en küçük değer kaçtır?
[A] 2
[B] 6
[C] 7
[D] 14",Kök Sadeleştirme_Hesaplama
324,LGS,2024,Kareköklü Sayılar,Tam Sayı / Özel Tanımlar,Problem,Kolay,"İki farklı çuvalın birinde 135 kg, diğerinde 178 kg pirinç vardır. Ağır olan çuvala en az kaç kg pirinç eklenirse iki çuvaldaki pirinç miktarları tam kare sayı olur?",9,12,18,21,,B,Deneme,yok,"[SORU] İki farklı çuvalın birinde 135 kg, diğerinde 178 kg pirinç vardır. Ağır olan çuvala en az kaç kg pirinç eklenirse iki çuvaldaki pirinç miktarları tam kare sayı olur?
[A] 9
[B] 12
[C] 18
[D] 21",Tam Sayı / Özel Tanımlar_Problem
145,LGS,2025,Kareköklü İfadeler,Üslü ve Köklü İfadeler,Hesaplama,Kolay,√(4 + √(26 - ³√(-1))) işlemi kaça eşittir?,1,2,3,4,12,C,Kitap,yok,"[SORU] √(4 + √(26 - ³√(-1))) işlemi kaça eşittir?
[A] 1
[B] 2
[C] 3
[D] 4
[E] 12",Üslü ve Köklü İfadeler_Hesaplama
276,LGS,2025,Kareköklü ifadeler,Rasyonelleştirme,Hesaplama,Orta,(√10 − √5 + √6 − √3)/(√2 − 1) − 3/√3 işlemi kaça eşittir?,1,√2,√3,2,√5,E,Kitap,yok,"[SORU] (√10 − √5 + √6 − √3)/(√2 − 1) − 3/√3 işlemi kaça eşittir?
[A] 1
[B] √2
[C] √3
[D] 2
[E] √5",Rasyonelleştirme_Hesaplama
385,LGS,2020,Kareköklü İfadeler,İşlem ve Sadeleştirme,Hesaplama,Orta,"√0,81 : √0,09 + √0,25 işleminin sonucu kaçtır?","0,32","0,35","3,2","3,5",,C,Kitap,yok,"[SORU] √0,81 : √0,09 + √0,25 işleminin sonucu kaçtır?
[A] 0,32
[B] 0,35
[C] 3,2
[D] 3,5",İşlem ve Sadeleştirme_Hesaplama
30,LGS,2020,Kareköklü İfadeler,Üslü ve Köklü İfadeler,Hesaplama,Orta,√8 · ⁴√4 / ⁶√2 işleminin sonucu kaçtır?,1,∛2,√2,2√2,4,E,Deneme,yok,"[SORU] √8 · ⁴√4 / ⁶√2 işleminin sonucu kaçtır?
[A] 1
[B] ∛2
[C] √2
[D] 2√2
[E] 4",Üslü ve Köklü İfadeler_Hesaplama
472,LGS,2025,Kareköklü İfadeler,Alan ve Geometri,Yorum,Orta,"Alanı 39 m² olan kare şeklindeki bir bahçenin bir kenar uzunluğu, hangi metreler arasındadır?",4 - 5,5 - 6,6 - 7,7 - 8,,C,MEB,yok,"[SORU] Alanı 39 m² olan kare şeklindeki bir bahçenin bir kenar uzunluğu, hangi metreler arasındadır?
[A] 4 - 5
[B] 5 - 6
[C] 6 - 7
[D] 7 - 8",Alan ve Geometri_Yorum
422,LGS,2025,Kareköklü İfadeler,Alan ve Geometri,Problem,Orta,Kenarlarının uzunlukları 3√6 metre ve 2√3 metre olan dikdörtgen şeklindeki bir bahçenin 1 metrekaresi sulanırken bir yılda √2 metreküp su kullanılmaktadır. Buna göre bu bahçenin tamamını sulamak için bir yılda kaç metreküp su gerekir?,36√2,36,18√6,18,,B,MEB,yok,"[SORU] Kenarlarının uzunlukları 3√6 metre ve 2√3 metre olan dikdörtgen şeklindeki bir bahçenin 1 metrekaresi sulanırken bir yılda √2 metreküp su kullanılmaktadır. Buna göre bu bahçenin tamamını sulamak için bir yılda kaç metreküp su gerekir?
[A] 36√2
[B] 36
[C] 18√6
[D] 18",Alan ve Geometri_Problem
562,LGS,2025,Kareköklü İfadeler,Alan ve Geometri,Problem,Orta,"Alanı 0,0625 m² olan 200 taşla havuz çevresi çevriliyor. Taşlar tek sıra. Oluşan dikdörtgen bölgenin çevresi kaç m'dir?",98,100,102,104,,C,MEB,bagimli,"[SORU] Alanı 0,0625 m² olan 200 taşla havuz çevresi çevriliyor. Taşlar tek sıra. Oluşan dikdörtgen bölgenin çevresi kaç m'dir?
[A] 98
[B] 100
[C] 102
[D] 104
[GÖRSEL] Bu soru görsele bağlıdır.",Alan ve Geometri_Problem
514,LGS,2025,Kareköklü İfadeler,İşlem ve Sadeleştirme,Hesaplama,Kolay,(2√5 + 3√5) / (2√5 · √25) işleminin sonucu kaçtır?,√5,3√5/5,1,1/2,,D,MEB,yok,"[SORU] (2√5 + 3√5) / (2√5 · √25) işleminin sonucu kaçtır?
[A] √5
[B] 3√5/5
[C] 1
[D] 1/2",İşlem ve Sadeleştirme_Hesaplama
583,LGS,2025,Kareköklü İfadeler,Problem Çözme,Problem,Kolay,"Yaya geçidi. Tabelada 10 yazıyor. Saniyede 1 m hızla, kırmızıya 2 sn kala geçiyor. Yol uzunluğu ne olabilir?",3√6,4√5,5√3,6√3,,A,MEB,destekleyici,"[SORU] Yaya geçidi. Tabelada 10 yazıyor. Saniyede 1 m hızla, kırmızıya 2 sn kala geçiyor. Yol uzunluğu ne olabilir?
[A] 3√6
[B] 4√5
[C] 5√3
[D] 6√3",Problem Çözme_Problem
427,LGS,2025,Kareköklü İfadeler,Tam Sayı / Özel Tanımlar,Yorum,Orta,I. 2√7 · 3√7  II. −√32 : 2√8  III. √150 : √6  IV. 2√2 · 3√3  Yukarıdaki işlemlerden hangilerinin sonucu bir tam sayıdır?,I ve II,II ve III,"I, II ve III","I, III ve IV",,C,MEB,yok,"[SORU] I. 2√7 · 3√7  II. −√32 : 2√8  III. √150 : √6  IV. 2√2 · 3√3  Yukarıdaki işlemlerden hangilerinin sonucu bir tam sayıdır?
[A] I ve II
[B] II ve III
[C] I, II ve III
[D] I, III ve IV",Tam Sayı / Özel Tanımlar_Yorum
328,LGS,2024,Kareköklü İfadeler,Algoritmik / Mantıksal Problemler,Problem,Orta,a pozitif tam sayı için [a]=a² ve ⟦a⟧=√a olarak tanımlanıyor. Şekilde verilen işleme göre sonuç kaçtır?,16,49,64,100,,C,Deneme,bagimli,"[SORU] a pozitif tam sayı için [a]=a² ve ⟦a⟧=√a olarak tanımlanıyor. Şekilde verilen işleme göre sonuç kaçtır?
[A] 16
[B] 49
[C] 64
[D] 100
[GÖRSEL] Bu soru görsele bağlıdır.",Algoritmik / Mantıksal Problemler_Problem
146,LGS,2025,Kareköklü İfadeler,Üslü ve Köklü İfadeler,Hesaplama,Kolay,³√54 + ³√16 işlemi kaça eşittir?,³√5,2³√2,5³√2,4³√9,4³√27,C,Kitap,yok,"[SORU] ³√54 + ³√16 işlemi kaça eşittir?
[A] ³√5
[B] 2³√2
[C] 5³√2
[D] 4³√9
[E] 4³√27",Üslü ve Köklü İfadeler_Hesaplama
57,LGS,2020,Kareköklü İfadeler,Rasyonelleştirme,Hesaplama,Zor,a^3 − b^3 = (a − b)(a^2 + ab + b^2) özdeşliğini kullanarak 1/(³√4 + ³√2 + 1) kesrinde paydayı kökten kurtarmak istersek oluşacak kesir aşağıdakilerden hangisi olur?,∛2,∛4,∛2 + 1,∛4 − 1,∛2 − 1,E,Deneme,yok,"[SORU] a^3 − b^3 = (a − b)(a^2 + ab + b^2) özdeşliğini kullanarak 1/(³√4 + ³√2 + 1) kesrinde paydayı kökten kurtarmak istersek oluşacak kesir aşağıdakilerden hangisi olur?
[A] ∛2
[B] ∛4
[C] ∛2 + 1
[D] ∛4 − 1
[E] ∛2 − 1",Rasyonelleştirme_Hesaplama
400,LGS,2020,Kareköklü İfadeler,Tam Sayı / Özel Tanımlar,Hesaplama,Kolay,"a ve b sayıları farklı birer rakam olduğuna göre 0,ab devirli ifadesi aşağıdakilerden hangisine eşittir?",ab/99,ab/90,(ab−a)/9,(ab−a)/90,,A,Örnek,yok,"[SORU] a ve b sayıları farklı birer rakam olduğuna göre 0,ab devirli ifadesi aşağıdakilerden hangisine eşittir?
[A] ab/99
[B] ab/90
[C] (ab−a)/9
[D] (ab−a)/90",Tam Sayı / Özel Tanımlar_Hesaplama
415,LGS,2025,Kareköklü İfadeler,İşlem ve Sadeleştirme,Hesaplama,Kolay,√18 sayısı aşağıdaki sayılardan hangisi ile çarpılırsa sonuç bir doğal sayı olur?,√15,√27,√48,√50,,D,MEB,yok,"[SORU] √18 sayısı aşağıdaki sayılardan hangisi ile çarpılırsa sonuç bir doğal sayı olur?
[A] √15
[B] √27
[C] √48
[D] √50",İşlem ve Sadeleştirme_Hesaplama
618,LGS,2021,Kareköklü İfadeler,Tam Sayı / Özel Tanımlar,Yorum,Orta,2'nin kuvvetlerinin çarpımı tam kare olacak şekilde verilen tabloda E + F en az kaçtır?,33,17,9,3,,A,MEB,bagimli,"[SORU] 2'nin kuvvetlerinin çarpımı tam kare olacak şekilde verilen tabloda E + F en az kaçtır?
[A] 33
[B] 17
[C] 9
[D] 3
[GÖRSEL] Bu soru görsele bağlıdır.",Tam Sayı / Özel Tanımlar_Yorum
254,LGS,2025,Kareköklü ifadeler,Üslü ve Köklü İfadeler,Hesaplama,Orta,⁴√1250 + ⁴√162 = 2^x ise x kaçtır?,6/5,2,11/3,3,13/4,E,Kitap,yok,"[SORU] ⁴√1250 + ⁴√162 = 2^x ise x kaçtır?
[A] 6/5
[B] 2
[C] 11/3
[D] 3
[E] 13/4",Üslü ve Köklü İfadeler_Hesaplama
33,LGS,2020,Kareköklü İfadeler,Denklemler,Hesaplama,Kolay,A = √(x−2) + √(2−x) + x. A bir reel sayı ise A kaçtır?,-2,-1,0,1,2,E,Deneme,yok,"[SORU] A = √(x−2) + √(2−x) + x. A bir reel sayı ise A kaçtır?
[A] -2
[B] -1
[C] 0
[D] 1
[E] 2",Denklemler_Hesaplama
672,LGS,2019,Kareköklü İfadeler,Karşılaştırma ve Sıralama,Yorum,Kolay,Şekildeki sayı doğrusunda L noktasına karşılık gelen sayı 9'dur. K ile L noktaları arasındaki uzaklık √27 birim olduğuna göre K noktasına karşılık gelen sayı hangi iki sayı arasındadır?,2 ile 3,3 ile 4,4 ile 5,5 ile 6,,B,MEB,bagimli,"[SORU] Şekildeki sayı doğrusunda L noktasına karşılık gelen sayı 9'dur. K ile L noktaları arasındaki uzaklık √27 birim olduğuna göre K noktasına karşılık gelen sayı hangi iki sayı arasındadır?
[A] 2 ile 3
[B] 3 ile 4
[C] 4 ile 5
[D] 5 ile 6
[GÖRSEL] Bu soru görsele bağlıdır.",Karşılaştırma ve Sıralama_Yorum
404,LGS,2020,Kareköklü İfadeler,Tam Sayı / Özel Tanımlar,Problem,Orta,√9ab bir irrasyonel sayı olacak şekilde kaç tane 9ab üç basamaklı sayısı yazılabilir?,96,97,98,99,,C,Kitap,yok,"[SORU] √9ab bir irrasyonel sayı olacak şekilde kaç tane 9ab üç basamaklı sayısı yazılabilir?
[A] 96
[B] 97
[C] 98
[D] 99",Tam Sayı / Özel Tanımlar_Problem
686,LGS,2019,Kareköklü İfadeler,Karşılaştırma ve Sıralama,Yorum,Orta,"a, b ve c kilogramlık ağırlıkların asılmasıyla özdeş üç yayda oluşan uzama miktarları sırasıyla 3√5 cm, 4√3 cm ve 5√2 cm'dir. Buna göre a, b ve c ağırlıklarının doğru sıralanışı aşağıdakilerden hangisidir?",a < b < c,b < a < c,a < c < b,c < b < a,,C,MEB,yok,"[SORU] a, b ve c kilogramlık ağırlıkların asılmasıyla özdeş üç yayda oluşan uzama miktarları sırasıyla 3√5 cm, 4√3 cm ve 5√2 cm'dir. Buna göre a, b ve c ağırlıklarının doğru sıralanışı aşağıdakilerden hangisidir?
[A] a < b < c
[B] b < a < c
[C] a < c < b
[D] c < b < a",Karşılaştırma ve Sıralama_Yorum
485,LGS,2025,Kareköklü İfadeler,İşlem ve Sadeleştirme,Hesaplama,Kolay,√8 + √18 işleminin sonucu kaçtır?,10√6,5√2,4√3,7√6,,B,MEB,yok,"[SORU] √8 + √18 işleminin sonucu kaçtır?
[A] 10√6
[B] 5√2
[C] 4√3
[D] 7√6",İşlem ve Sadeleştirme_Hesaplama
368,LGS,2020,Kareköklü İfadeler,Alan ve Geometri,Problem,Zor,Yukarıda verilen şeklin alanı kaç santimetrekaredir?,445,360,255,240,,A,Deneme,bagimli,"[SORU] Yukarıda verilen şeklin alanı kaç santimetrekaredir?
[A] 445
[B] 360
[C] 255
[D] 240
[GÖRSEL] Bu soru görsele bağlıdır.",Alan ve Geometri_Problem
609,LGS,2023,Kareköklü İfadeler,Alan ve Geometri,Yorum,Orta,Dikdörtgen bir zemine parke döşenmektedir. Döşenmeyen bölgelerin alanları toplamı kaç desimetrekaredir?,72,84,96,148,,B,MEB,bagimli,"[SORU] Dikdörtgen bir zemine parke döşenmektedir. Döşenmeyen bölgelerin alanları toplamı kaç desimetrekaredir?
[A] 72
[B] 84
[C] 96
[D] 148
[GÖRSEL] Bu soru görsele bağlıdır.",Alan ve Geometri_Yorum
310,LGS,2024,Kareköklü İfadeler,Alan ve Geometri,Problem,Orta,Duvara asılı özdeş çerçeveli iki tablo ile yerde bir masa verilmiştir. Tabloların masa ve zeminle olan dik uzaklıkları köklü sayılarla verilmiştir. Kare şeklindeki masanın bir kenarı masa yüksekliğine eşit olduğuna göre masanın yüzey alanı kaç desimetrekaredir?,108,121,144,192,-,C,Deneme,bagimli,"[SORU] Duvara asılı özdeş çerçeveli iki tablo ile yerde bir masa verilmiştir. Tabloların masa ve zeminle olan dik uzaklıkları köklü sayılarla verilmiştir. Kare şeklindeki masanın bir kenarı masa yüksekliğine eşit olduğuna göre masanın yüzey alanı kaç desimetrekaredir?
[A] 108
[B] 121
[C] 144
[D] 192
[E] -
[GÖRSEL] Bu soru görsele bağlıdır.",Alan ve Geometri_Problem
471,LGS,2025,Kareköklü İfadeler,Yaklaşık Değer,Yorum,Kolay,√75 sayısı hangi ardışık iki tam sayı arasındadır?,6 ile 7,7 ile 8,8 ile 9,9 ile 10,,C,MEB,yok,"[SORU] √75 sayısı hangi ardışık iki tam sayı arasındadır?
[A] 6 ile 7
[B] 7 ile 8
[C] 8 ile 9
[D] 9 ile 10",Yaklaşık Değer_Yorum
393,LGS,2020,Kareköklü İfadeler,Tam Sayı / Özel Tanımlar,Yorum,Kolay,Aşağıdakilerden hangisi irrasyonel sayıdır?,√16,√32,√81,√121,,B,Örnek,yok,"[SORU] Aşağıdakilerden hangisi irrasyonel sayıdır?
[A] √16
[B] √32
[C] √81
[D] √121",Tam Sayı / Özel Tanımlar_Yorum
532,LGS,2025,Kareköklü İfadeler,Problem Çözme,Problem,Orta,Tavanda asılı 4 lambanın ip uzunlukları ve uzama oranları verilmiştir. Son durumda hangi lamba zemine en yakın olur?,Pembe,Sarı,Mavi,Kırmızı,,D,MEB,bagimli,"[SORU] Tavanda asılı 4 lambanın ip uzunlukları ve uzama oranları verilmiştir. Son durumda hangi lamba zemine en yakın olur?
[A] Pembe
[B] Sarı
[C] Mavi
[D] Kırmızı
[GÖRSEL] Bu soru görsele bağlıdır.",Problem Çözme_Problem
674,LGS,2019,Kareköklü İfadeler,İşlem ve Sadeleştirme,Hesaplama,Kolay,6√2 sayısı aşağıdakilerden hangisine eşittir?,√6,√12,√24,√72,,C,MEB,yok,"[SORU] 6√2 sayısı aşağıdakilerden hangisine eşittir?
[A] √6
[B] √12
[C] √24
[D] √72",İşlem ve Sadeleştirme_Hesaplama
466,LGS,2025,Kareköklü İfadeler,Alan ve Geometri,Problem,Orta,"Efe, proje ödevi için alanı 484 cm² olan kare şeklindeki kartondan, alanları otuz altışar santimetrekare olan iki kareyi şekildeki gibi kesip çıkarmıştır. Kalan kartonun çevre uzunluğu kaç cm'dir?",88,112,124,136,,B,MEB,bagimli,"[SORU] Efe, proje ödevi için alanı 484 cm² olan kare şeklindeki kartondan, alanları otuz altışar santimetrekare olan iki kareyi şekildeki gibi kesip çıkarmıştır. Kalan kartonun çevre uzunluğu kaç cm'dir?
[A] 88
[B] 112
[C] 124
[D] 136
[GÖRSEL] Bu soru görsele bağlıdır.",Alan ve Geometri_Problem
438,LGS,2025,Kareköklü İfadeler,İşlem ve Sadeleştirme,Hesaplama,Orta,(√108 · √80) / (√3 · √45) işleminin sonucu aşağıdakilerden hangisidir?,2√2,4,8,8√2,,C,MEB,yok,"[SORU] (√108 · √80) / (√3 · √45) işleminin sonucu aşağıdakilerden hangisidir?
[A] 2√2
[B] 4
[C] 8
[D] 8√2",İşlem ve Sadeleştirme_Hesaplama
317,LGS,2024,Kareköklü İfadeler,Alan ve Geometri,Problem,Orta,"Alanları verilen renkli kartonlar birleştirilerek kare oluşturuluyor. Sarı karenin alanı, kırmızı karenin alanından küçük iki basamaklı bir doğal sayıdır. Buna göre oluşan karenin alanı en az kaç cm² olabilir?",49,64,81,121,-,C,Deneme,bagimli,"[SORU] Alanları verilen renkli kartonlar birleştirilerek kare oluşturuluyor. Sarı karenin alanı, kırmızı karenin alanından küçük iki basamaklı bir doğal sayıdır. Buna göre oluşan karenin alanı en az kaç cm² olabilir?
[A] 49
[B] 64
[C] 81
[D] 121
[E] -
[GÖRSEL] Bu soru görsele bağlıdır.",Alan ve Geometri_Problem
659,LGS,2019,Kareköklü İfadeler,Alan ve Geometri,Yorum,Orta,Alanı 300 cm² olan bir dikdörtgenin kısa kenarı √12 cm’dir. Uzun kenarı kaç cm’dir?,25√3,50,10√3,5√12,,A,MEB,yok,"[SORU] Alanı 300 cm² olan bir dikdörtgenin kısa kenarı √12 cm’dir. Uzun kenarı kaç cm’dir?
[A] 25√3
[B] 50
[C] 10√3
[D] 5√12",Alan ve Geometri_Yorum
379,LGS,2020,Kareköklü İfadeler,İşlem ve Sadeleştirme,Hesaplama,Orta,(√3)/2 − (2√3)/3 + (5√3)/6 − (√3)/4 işleminin sonucu aşağıdakilerden hangisidir?,5√3/12,−7√3/12,−5√3/4,√3/2,,A,Kitap,yok,"[SORU] (√3)/2 − (2√3)/3 + (5√3)/6 − (√3)/4 işleminin sonucu aşağıdakilerden hangisidir?
[A] 5√3/12
[B] −7√3/12
[C] −5√3/4
[D] √3/2",İşlem ve Sadeleştirme_Hesaplama
619,LGS,2018,Kareköklü İfadeler,Alan ve Geometri,Yorum,Orta,İki farklı kare çiziminin alanları arasındaki fark en az kaçtır?,8,15,32,39,,B,MEB,yok,"[SORU] İki farklı kare çiziminin alanları arasındaki fark en az kaçtır?
[A] 8
[B] 15
[C] 32
[D] 39",Alan ve Geometri_Yorum
198,LGS,2025,Kareköklü İfadeler,İşlem ve Sadeleştirme,Hesaplama,Zor,(a − b)² = a² − 2ab + b² özdeşliğini kullanarak √(25/36 − 2 + 36/25) işleminin aşağıdaki şıklardan hangisine eşit olduğunu bulunuz.,11/30,11/15,7/15,5/6,1,A,Kitap,yok,"[SORU] (a − b)² = a² − 2ab + b² özdeşliğini kullanarak √(25/36 − 2 + 36/25) işleminin aşağıdaki şıklardan hangisine eşit olduğunu bulunuz.
[A] 11/30
[B] 11/15
[C] 7/15
[D] 5/6
[E] 1",İşlem ve Sadeleştirme_Hesaplama
664,LGS,2019,Kareköklü İfadeler,Karşılaştırma ve Sıralama,Yorum,Orta,Yukarıdaki sayı doğrusunda ardışık iki tam sayı arasındaki uzaklık 1 birimdir. Buna göre A ve B noktaları arasındaki uzaklık birim cinsinden aşağıdakilerden hangisi olabilir?,√3,√10,√18,√20,,B,MEB,bagimli,"[SORU] Yukarıdaki sayı doğrusunda ardışık iki tam sayı arasındaki uzaklık 1 birimdir. Buna göre A ve B noktaları arasındaki uzaklık birim cinsinden aşağıdakilerden hangisi olabilir?
[A] √3
[B] √10
[C] √18
[D] √20
[GÖRSEL] Bu soru görsele bağlıdır.",Karşılaştırma ve Sıralama_Yorum
533,LGS,2025,Kareköklü İfadeler,Alan ve Geometri,Problem,Orta,Bir çocuk parkı üç dikdörtgensel bölgeye ayrılmıştır. Alanları ve bazı kenar uzunlukları verilmiştir. Şerit çekilen kenarların uzunlukları toplamı kaç metredir?,41√3,35√3,30√3,27√3,,D,MEB,bagimli,"[SORU] Bir çocuk parkı üç dikdörtgensel bölgeye ayrılmıştır. Alanları ve bazı kenar uzunlukları verilmiştir. Şerit çekilen kenarların uzunlukları toplamı kaç metredir?
[A] 41√3
[B] 35√3
[C] 30√3
[D] 27√3
[GÖRSEL] Bu soru görsele bağlıdır.",Alan ve Geometri_Problem
524,LGS,2025,Kareköklü İfadeler,Alan ve Geometri,Problem,Orta,"Eş kareli zeminde L, T, J benzeri şekiller ve bir kare verilmiştir. Kare olan şeklin alanı 288 cm² dir. Bu dört şekil birleştirilerek boşluksuz bir kare oluşturuluyor. Buna göre oluşturulan bu karenin çevresinin uzunluğu kaç santimetredir?",36√2,48√2,72√2,96√2,,D,MEB,bagimli,"[SORU] Eş kareli zeminde L, T, J benzeri şekiller ve bir kare verilmiştir. Kare olan şeklin alanı 288 cm² dir. Bu dört şekil birleştirilerek boşluksuz bir kare oluşturuluyor. Buna göre oluşturulan bu karenin çevresinin uzunluğu kaç santimetredir?
[A] 36√2
[B] 48√2
[C] 72√2
[D] 96√2
[GÖRSEL] Bu soru görsele bağlıdır.",Alan ve Geometri_Problem
676,LGS,2019,Kareköklü İfadeler,İşlem ve Sadeleştirme,Hesaplama,Orta,Aşağıda verilen eşitliklerden hangisi doğrudur?,√12 = 4√3,√24 = 4√3,√45 = 5√3,√24 = 2√6,,D,MEB,yok,"[SORU] Aşağıda verilen eşitliklerden hangisi doğrudur?
[A] √12 = 4√3
[B] √24 = 4√3
[C] √45 = 5√3
[D] √24 = 2√6",İşlem ve Sadeleştirme_Hesaplama
51,LGS,2020,Kareköklü İfadeler,Denklemler,Hesaplama,Zor,√2 · ³√(x²) = ³√(1/x) · √2 ise x kaça eşittir?,√2/2,1,√2,³√2,2,A,Örnek,yok,"[SORU] √2 · ³√(x²) = ³√(1/x) · √2 ise x kaça eşittir?
[A] √2/2
[B] 1
[C] √2
[D] ³√2
[E] 2",Denklemler_Hesaplama
201,LGS,2025,Kareköklü İfadeler,Üslü ve Köklü İfadeler,Hesaplama,Orta,"³√2 = a, ³√6 = b ise ³√24 aşağıdakilerden hangisine eşittir?",a + b^2,a.b,a^2.b,a.b^3,b/a,C,Kitap,yok,"[SORU] ³√2 = a, ³√6 = b ise ³√24 aşağıdakilerden hangisine eşittir?
[A] a + b^2
[B] a.b
[C] a^2.b
[D] a.b^3
[E] b/a",Üslü ve Köklü İfadeler_Hesaplama
188,LGS,2025,Kareköklü İfadeler,Alan ve Geometri,Hesaplama,Kolay,"Kenarı ⁶√18 olan karenin alanı, kenarları ³√2 ve √3 olan dikdörtgenin alanının kaç katıdır?",⁶√3,⁶√6,⁶√12,³√2,³√8,A,Kitap,yok,"[SORU] Kenarı ⁶√18 olan karenin alanı, kenarları ³√2 ve √3 olan dikdörtgenin alanının kaç katıdır?
[A] ⁶√3
[B] ⁶√6
[C] ⁶√12
[D] ³√2
[E] ³√8",Alan ve Geometri_Hesaplama
631,LGS,2022,Kareköklü İfadeler,Yaklaşık Değer,Yorum,Orta,√45 sayısının en yakın olduğu tam sayı aşağıdakilerden hangisidir?,5,6,7,8,,C,MEB,yok,"[SORU] √45 sayısının en yakın olduğu tam sayı aşağıdakilerden hangisidir?
[A] 5
[B] 6
[C] 7
[D] 8",Yaklaşık Değer_Yorum
505,LGS,2025,Kareköklü İfadeler,Alan ve Geometri,Yorum,Kolay,Çevresi √162 cm olan bir üçgenin kenar uzunluklarından ikisi √8 cm ve √18 cm olduğuna göre diğer kenarının uzunluğu kaç santimetredir?,√8,√32,√128,√136,,B,MEB,yok,"[SORU] Çevresi √162 cm olan bir üçgenin kenar uzunluklarından ikisi √8 cm ve √18 cm olduğuna göre diğer kenarının uzunluğu kaç santimetredir?
[A] √8
[B] √32
[C] √128
[D] √136",Alan ve Geometri_Yorum
97,LGS,2022,Kareköklü İfadeler,Algoritmik / Mantıksal Problemler,Problem,Zor,"29 harf bulundukları sıranın karekökü tam sayı ise o tam sayı, değil ise karekökünün en yakın olduğu tam sayı olarak kodlanıyor. Örn: A, 1. harf √1=1, L, 15. harf √15 en yakın 4, İ, 12. harf √12 en yakın 3. ALİ = 143. Buna göre AHMET isminin kodu nedir?",12435,13425,13452,14235,15234,B,MEB,yok,"[SORU] 29 harf bulundukları sıranın karekökü tam sayı ise o tam sayı, değil ise karekökünün en yakın olduğu tam sayı olarak kodlanıyor. Örn: A, 1. harf √1=1, L, 15. harf √15 en yakın 4, İ, 12. harf √12 en yakın 3. ALİ = 143. Buna göre AHMET isminin kodu nedir?
[A] 12435
[B] 13425
[C] 13452
[D] 14235
[E] 15234",Algoritmik / Mantıksal Problemler_Problem
639,LGS,2019,Kareköklü İfadeler,Alan ve Geometri,Yorum,Orta,Alanı 200 cm² olan bir dikdörtgenin kısa kenarı √8 cm’dir. Uzun kenarı kaç cm’dir?,25√2,50,10√2,5√2,,C,MEB,yok,"[SORU] Alanı 200 cm² olan bir dikdörtgenin kısa kenarı √8 cm’dir. Uzun kenarı kaç cm’dir?
[A] 25√2
[B] 50
[C] 10√2
[D] 5√2",Alan ve Geometri_Yorum
245,LGS,2025,Kareköklü ifadeler,Üslü ve Köklü İfadeler,Hesaplama,Zor,M = ⁶√((1/4)·√2). Buna göre aşağıdakilerden hangisi bir tam sayıdır?,M^-8,M^-2,M^3,M^4,M^6,A,Kitap,yok,"[SORU] M = ⁶√((1/4)·√2). Buna göre aşağıdakilerden hangisi bir tam sayıdır?
[A] M^-8
[B] M^-2
[C] M^3
[D] M^4
[E] M^6",Üslü ve Köklü İfadeler_Hesaplama
557,LGS,2025,Kareköklü İfadeler,Yaklaşık Değer,Yorum,Kolay,Uçlu kalemin her basışta uzama miktarına göre içeride kalan uzunluk hangi aralıktadır?,1 ile 2,2 ile 3,3 ile 4,4 ile 5,,B,MEB,destekleyici,"[SORU] Uçlu kalemin her basışta uzama miktarına göre içeride kalan uzunluk hangi aralıktadır?
[A] 1 ile 2
[B] 2 ile 3
[C] 3 ile 4
[D] 4 ile 5",Yaklaşık Değer_Yorum
478,LGS,2025,Kareköklü İfadeler,Yaklaşık Değer,Yorum,Orta,√17 ve √125 sayıları arasında kaç tane tam sayı vardır?,6,7,8,9,,B,MEB,yok,"[SORU] √17 ve √125 sayıları arasında kaç tane tam sayı vardır?
[A] 6
[B] 7
[C] 8
[D] 9",Yaklaşık Değer_Yorum
651,LGS,2019,Kareköklü İfadeler,İşlem ve Sadeleştirme,Yorum,Orta,√48 − √12 işleminin sonucu kaçtır?,2√3,4√3,√36,3√2,,B,MEB,yok,"[SORU] √48 − √12 işleminin sonucu kaçtır?
[A] 2√3
[B] 4√3
[C] √36
[D] 3√2",İşlem ve Sadeleştirme_Yorum
423,LGS,2025,Kareköklü İfadeler,Alan ve Geometri,Problem,Zor,"Yukarıdaki boyalı şeklin alanı 243 cm² olduğuna göre, çevresinin uzunluğu kaç santimetredir?",36√3,48√3,64√3,108√3,,B,MEB,bagimli,"[SORU] Yukarıdaki boyalı şeklin alanı 243 cm² olduğuna göre, çevresinin uzunluğu kaç santimetredir?
[A] 36√3
[B] 48√3
[C] 64√3
[D] 108√3
[GÖRSEL] Bu soru görsele bağlıdır.",Alan ve Geometri_Problem
476,LGS,2025,Kareköklü İfadeler,Yaklaşık Değer,Yorum,Kolay,Aşağıdakilerden hangisi sayı doğrusunda 8 ile 9 arasında ve 9’a daha yakındır?,√65,√72,√80,√83,,C,MEB,yok,"[SORU] Aşağıdakilerden hangisi sayı doğrusunda 8 ile 9 arasında ve 9’a daha yakındır?
[A] √65
[B] √72
[C] √80
[D] √83",Yaklaşık Değer_Yorum
442,LGS,2025,Kareköklü İfadeler,Tam Sayı / Özel Tanımlar,Yorum,Kolay,Aşağıdakilerden hangisi tam kare doğal sayıdır?,8,27,35,49,,D,MEB,yok,"[SORU] Aşağıdakilerden hangisi tam kare doğal sayıdır?
[A] 8
[B] 27
[C] 35
[D] 49",Tam Sayı / Özel Tanımlar_Yorum
132,LGS,2022,Kareköklü İfadeler,Problem Çözme,Problem,Zor,"A fidesi her yıl √2 katına, B fidesi √3 katına çıkıyor. Başlangıç A:√2, B:√3. A boyu 4√2 olunca B kaç olur?",4√3,6√3,9√3,27√3,81√3,C,MEB,yok,"[SORU] A fidesi her yıl √2 katına, B fidesi √3 katına çıkıyor. Başlangıç A:√2, B:√3. A boyu 4√2 olunca B kaç olur?
[A] 4√3
[B] 6√3
[C] 9√3
[D] 27√3
[E] 81√3",Problem Çözme_Problem
335,LGS,2020,Kareköklü İfadeler,Tam Sayı / Özel Tanımlar,Hesaplama,Orta,Karekökü tam sayı olmayan iki basamaklı kaç tane doğal sayı vardır?,84,86,88,90,,A,Kitap,yok,"[SORU] Karekökü tam sayı olmayan iki basamaklı kaç tane doğal sayı vardır?
[A] 84
[B] 86
[C] 88
[D] 90",Tam Sayı / Özel Tanımlar_Hesaplama
255,LGS,2025,Kareköklü ifadeler,İşlem ve Sadeleştirme,Hesaplama,Orta,(√3 + √2)² · √6 − √150 işlemi kaça eşittir?,√5,5√6,12,√111,24,C,Kitap,yok,"[SORU] (√3 + √2)² · √6 − √150 işlemi kaça eşittir?
[A] √5
[B] 5√6
[C] 12
[D] √111
[E] 24",İşlem ve Sadeleştirme_Hesaplama
240,LGS,2020,Kareköklü ifadeler,Karşılaştırma ve Sıralama,Yorum,Orta,"Bir şehrin demir yolu üzerindeki istasyonlar şekilde gösterilmiştir. Aynı hat üzerinde bulunan ardışık iki istasyon arasındaki mesafeler birbirine eşittir. A, B, C istasyonlarından hareket eden K, L ve M trenleri ortak olan D istasyonundan sonra yeşil hattı kullanarak S istasyonuna ulaşıyorlar. Bu trenlerin gittikleri yolların uzunluğuna göre doğru sıralanışı aşağıdakilerden hangisidir?",K > L > M,K > M > L,M > L > K,M > K > L,-,D,MEB,bagimli,"[SORU] Bir şehrin demir yolu üzerindeki istasyonlar şekilde gösterilmiştir. Aynı hat üzerinde bulunan ardışık iki istasyon arasındaki mesafeler birbirine eşittir. A, B, C istasyonlarından hareket eden K, L ve M trenleri ortak olan D istasyonundan sonra yeşil hattı kullanarak S istasyonuna ulaşıyorlar. Bu trenlerin gittikleri yolların uzunluğuna göre doğru sıralanışı aşağıdakilerden hangisidir?
[A] K > L > M
[B] K > M > L
[C] M > L > K
[D] M > K > L
[E] -
[GÖRSEL] Bu soru görsele bağlıdır.",Karşılaştırma ve Sıralama_Yorum
118,LGS,2022,Kareköklü İfadeler,Alan ve Geometri,Problem,Zor,Dikdörtgen kutu kapağı. Uzun kenar kısanın 6 katı. 1/3 açılınca alan 24. Sonra 3√3 kapatılıyor. Dışarıda kalan kısmın kısa kenarı?,√3,2√3,4√3,11√3,12√3,A,MEB,destekleyici,"[SORU] Dikdörtgen kutu kapağı. Uzun kenar kısanın 6 katı. 1/3 açılınca alan 24. Sonra 3√3 kapatılıyor. Dışarıda kalan kısmın kısa kenarı?
[A] √3
[B] 2√3
[C] 4√3
[D] 11√3
[E] 12√3",Alan ve Geometri_Problem
644,LGS,2020,Kareköklü İfadeler,Yaklaşık Değer,Yorum,Orta,√15 sayısının ondalık gösterimi yaklaşık kaçtır?,"3,2","3,5","3,8","4,1",,B,MEB,yok,"[SORU] √15 sayısının ondalık gösterimi yaklaşık kaçtır?
[A] 3,2
[B] 3,5
[C] 3,8
[D] 4,1",Yaklaşık Değer_Yorum
20,LGS,2020,Kareköklü İfadeler,Denklemler,Hesaplama,Orta,√(2^(x−1) + 3/(2^(1−x))) = √2 ise x kaçtır?,-1/3,-1,3/2,2,3,A,Örnek,yok,"[SORU] √(2^(x−1) + 3/(2^(1−x))) = √2 ise x kaçtır?
[A] -1/3
[B] -1
[C] 3/2
[D] 2
[E] 3",Denklemler_Hesaplama
138,LGS,2022,Kareköklü İfadeler,Alan ve Geometri,Hesaplama,Orta,Kare levha kenarı √147. Köşelerden √12 yarıçaplı çeyrek daireler kesiliyor. Kalan parçanın çevresi? (π=3),16√3,20√3,24√3,28√3,32√3,C,MEB,destekleyici,"[SORU] Kare levha kenarı √147. Köşelerden √12 yarıçaplı çeyrek daireler kesiliyor. Kalan parçanın çevresi? (π=3)
[A] 16√3
[B] 20√3
[C] 24√3
[D] 28√3
[E] 32√3",Alan ve Geometri_Hesaplama
13,LGS,2020,Kareköklü İfadeler,Tam Sayı / Özel Tanımlar,Problem,Kolay,x bir rakam olduğuna göre √(7x−1)/√(5x−7) ifadesi tanımlı olacak şekilde x tam sayı kaçtır?,3,4,5,6,7,E,Örnek,yok,"[SORU] x bir rakam olduğuna göre √(7x−1)/√(5x−7) ifadesi tanımlı olacak şekilde x tam sayı kaçtır?
[A] 3
[B] 4
[C] 5
[D] 6
[E] 7",Tam Sayı / Özel Tanımlar_Problem
149,LGS,2025,Kareköklü İfadeler,İşlem ve Sadeleştirme,Hesaplama,Kolay,√(3/2) + √(2/3) işlemi kaça eşittir?,√6 / 6,√8,√5,√6,5√6 / 6,E,Kitap,yok,"[SORU] √(3/2) + √(2/3) işlemi kaça eşittir?
[A] √6 / 6
[B] √8
[C] √5
[D] √6
[E] 5√6 / 6",İşlem ve Sadeleştirme_Hesaplama
636,LGS,2020,Kareköklü İfadeler,Yaklaşık Değer,Yorum,Orta,√7 sayısının değerine en yakın olan tam sayı aşağıdakilerden hangisidir?,2,3,4,5,,B,MEB,yok,"[SORU] √7 sayısının değerine en yakın olan tam sayı aşağıdakilerden hangisidir?
[A] 2
[B] 3
[C] 4
[D] 5",Yaklaşık Değer_Yorum
426,LGS,2025,Kareköklü İfadeler,İşlem ve Sadeleştirme,Yorum,Orta,I. 3√12 · 4√3 = 72  II. √28 : √7 = 4  III. √18 · √20 = 60  IV. √30 : √6 · √5 = 1  Yukarıdaki eşitliklerden kaç tanesi doğrudur?,1,2,3,4,,A,MEB,yok,"[SORU] I. 3√12 · 4√3 = 72  II. √28 : √7 = 4  III. √18 · √20 = 60  IV. √30 : √6 · √5 = 1  Yukarıdaki eşitliklerden kaç tanesi doğrudur?
[A] 1
[B] 2
[C] 3
[D] 4",İşlem ve Sadeleştirme_Yorum
101,LGS,2022,Kareköklü İfadeler,Alan ve Geometri,Hesaplama,Orta,"Alanı 28 m² olan kare bahçenin çevresine 2 sıra tel çekilecek. Tel fiyatları: 20m altı 15 TL, 20-39m arası 14,5 TL, 40-59m arası 14 TL, 59m üstü 13,5 TL. Kullanılacak telin metresi kaç lira olur?","13,5",14,"14,5",15,"15,5",B,MEB,yok,"[SORU] Alanı 28 m² olan kare bahçenin çevresine 2 sıra tel çekilecek. Tel fiyatları: 20m altı 15 TL, 20-39m arası 14,5 TL, 40-59m arası 14 TL, 59m üstü 13,5 TL. Kullanılacak telin metresi kaç lira olur?
[A] 13,5
[B] 14
[C] 14,5
[D] 15
[E] 15,5",Alan ve Geometri_Hesaplama
65,LGS,2020,Kareköklü İfadeler,İşlem ve Sadeleştirme,Hesaplama,Orta,√((3−2√2)/(3+2√2)) + √8 işleminin sonucu kaçtır?,0,1,√2,3,2√3,D,Deneme,yok,"[SORU] √((3−2√2)/(3+2√2)) + √8 işleminin sonucu kaçtır?
[A] 0
[B] 1
[C] √2
[D] 3
[E] 2√3",İşlem ve Sadeleştirme_Hesaplama
563,LGS,2025,Kareköklü İfadeler,Problem Çözme,Problem,Kolay,"Genişliği 12√5 cm olan kutular 3,2 m'lik rafa diziliyor. En çok kaç kutu sığar?",31,35,36,39,,B,MEB,bagimli,"[SORU] Genişliği 12√5 cm olan kutular 3,2 m'lik rafa diziliyor. En çok kaç kutu sığar?
[A] 31
[B] 35
[C] 36
[D] 39
[GÖRSEL] Bu soru görsele bağlıdır.",Problem Çözme_Problem
521,LGS,2025,Kareköklü İfadeler,Tam Sayı / Özel Tanımlar,Yorum,Orta,▲ iki basamaklı doğal sayı olmak üzere √▲ ifadesi 7 ile 8 arasındadır. √▲ ifadesinin √448 ile çarpımı bir doğal sayıdır. Buna göre ▲'nın değeri kaçtır?,9,10,11,12,,A,MEB,yok,"[SORU] ▲ iki basamaklı doğal sayı olmak üzere √▲ ifadesi 7 ile 8 arasındadır. √▲ ifadesinin √448 ile çarpımı bir doğal sayıdır. Buna göre ▲'nın değeri kaçtır?
[A] 9
[B] 10
[C] 11
[D] 12",Tam Sayı / Özel Tanımlar_Yorum
508,LGS,2025,Kareköklü İfadeler,Alan ve Geometri,Yorum,Kolay,Aşağıda kenar uzunlukları santimetre cinsinden verilen çokgenlerden hangisinin çevresi diğerlerinden farklıdır?,A,B,C,D,,A,MEB,bagimli,"[SORU] Aşağıda kenar uzunlukları santimetre cinsinden verilen çokgenlerden hangisinin çevresi diğerlerinden farklıdır?
[A] A
[B] B
[C] C
[D] D
[GÖRSEL] Bu soru görsele bağlıdır.",Alan ve Geometri_Yorum
88,LGS,2020,Kareköklü İfadeler,Tam Sayı / Özel Tanımlar,Yorum,Zor,[x] = √x sayısının tam kısmı olmak üzere 1 + 2 + 3 + … + 35 toplamı kaçtır?,121,122,124,125,127,D,Örnek,yok,"[SORU] [x] = √x sayısının tam kısmı olmak üzere 1 + 2 + 3 + … + 35 toplamı kaçtır?
[A] 121
[B] 122
[C] 124
[D] 125
[E] 127",Tam Sayı / Özel Tanımlar_Yorum
327,LGS,2024,Kareköklü İfadeler,Alan ve Geometri,Problem,Orta,"PRST karesi, uzun kenarı kısa kenarının 3 katı olan 4 eş dikdörtgenle oluşturulmuştur. Ortadaki ABCD karesinin alanı 12 cm² ise PRST karesinin çevresi kaç cm'dir?",20√3,16√3,12√3,10√3,,B,Deneme,bagimli,"[SORU] PRST karesi, uzun kenarı kısa kenarının 3 katı olan 4 eş dikdörtgenle oluşturulmuştur. Ortadaki ABCD karesinin alanı 12 cm² ise PRST karesinin çevresi kaç cm'dir?
[A] 20√3
[B] 16√3
[C] 12√3
[D] 10√3
[GÖRSEL] Bu soru görsele bağlıdır.",Alan ve Geometri_Problem
196,LGS,2024,Kareköklü İfadeler,Alan ve Geometri,Problem,Orta,"Her birinin hacmi 12000 cm³ olan dik dairesel silindir şeklindeki 3 adet ahşap parça, taban yüzeylerinden yapıştırılarak yüksekliği 70 cm olan aşağıdaki gibi bir tabure yapılmıştır. Taburenin alt ve üstteki parçaları özdeş ve her birinin yüksekliği ortadaki parçanın yüksekliğinin 1/5’i kadardır. Verilere göre, en üstteki parçanın taban yarıçapının uzunluğunun ortadaki parçanın taban yarıçapının uzunluğuna oranı kaçtır? (π yerine 3 alınız.)",10/√5,3/√2,√2,5/√5,-,D,MEB,bagimli,"[SORU] Her birinin hacmi 12000 cm³ olan dik dairesel silindir şeklindeki 3 adet ahşap parça, taban yüzeylerinden yapıştırılarak yüksekliği 70 cm olan aşağıdaki gibi bir tabure yapılmıştır. Taburenin alt ve üstteki parçaları özdeş ve her birinin yüksekliği ortadaki parçanın yüksekliğinin 1/5’i kadardır. Verilere göre, en üstteki parçanın taban yarıçapının uzunluğunun ortadaki parçanın taban yarıçapının uzunluğuna oranı kaçtır? (π yerine 3 alınız.)
[A] 10/√5
[B] 3/√2
[C] √2
[D] 5/√5
[E] -
[GÖRSEL] Bu soru görsele bağlıdır.",Alan ve Geometri_Problem
447,LGS,2025,Kareköklü İfadeler,Tam Sayı / Özel Tanımlar,Hesaplama,Orta,Yüzler basamağı 2 olan üç basamaklı kaç tane tam kare sayı vardır?,2,3,4,5,,B,MEB,yok,"[SORU] Yüzler basamağı 2 olan üç basamaklı kaç tane tam kare sayı vardır?
[A] 2
[B] 3
[C] 4
[D] 5",Tam Sayı / Özel Tanımlar_Hesaplama
195,LGS,2025,Kareköklü İfadeler,Üslü ve Köklü İfadeler,Hesaplama,Kolay,⁴√(2^8 · 3^5 · 7) = a⁴√b ise b tam sayısı en az kaçtır?,10,15,21,24,30,C,Kitap,yok,"[SORU] ⁴√(2^8 · 3^5 · 7) = a⁴√b ise b tam sayısı en az kaçtır?
[A] 10
[B] 15
[C] 21
[D] 24
[E] 30",Üslü ve Köklü İfadeler_Hesaplama
320,LGS,2024,Kareköklü İfadeler,Problem Çözme,Problem,Orta,81 m yükseklikten bırakılan top her çarpışta önceki yüksekliğin 1/3’üne çıkıyor. √10 m’lik direğin tepesini kaç kez geçer?,3,4,5,6,-,C,Deneme,destekleyici,"[SORU] 81 m yükseklikten bırakılan top her çarpışta önceki yüksekliğin 1/3’üne çıkıyor. √10 m’lik direğin tepesini kaç kez geçer?
[A] 3
[B] 4
[C] 5
[D] 6
[E] -",Problem Çözme_Problem
26,LGS,2020,Kareköklü İfadeler,Problem Çözme,Problem,Kolay,Altın oran açıklaması: Logonun kısa kenarı 2√5 − 2 cm ise uzun kenarı altın oranla orantılı olacak. Uzun kenar kaç cm olmalıdır?,2,√5 − 1,4,2√5,√5 + 1,C,Kitap,yok,"[SORU] Altın oran açıklaması: Logonun kısa kenarı 2√5 − 2 cm ise uzun kenarı altın oranla orantılı olacak. Uzun kenar kaç cm olmalıdır?
[A] 2
[B] √5 − 1
[C] 4
[D] 2√5
[E] √5 + 1",Problem Çözme_Problem
369,LGS,2020,Kareköklü İfadeler,İşlem ve Sadeleştirme,Yorum,Orta,I. √1 + √1 = √2  II. √100 + √121 = 21  III. 7√5 − 7√5 = 0  IV. 4√3 + 5√3 − √3 = 8√3  Yukarıdaki eşitliklerden hangileri doğrudur?,I ve III,II ve III,II ve IV,III ve IV,,B,Kitap,yok,"[SORU] I. √1 + √1 = √2  II. √100 + √121 = 21  III. 7√5 − 7√5 = 0  IV. 4√3 + 5√3 − √3 = 8√3  Yukarıdaki eşitliklerden hangileri doğrudur?
[A] I ve III
[B] II ve III
[C] II ve IV
[D] III ve IV",İşlem ve Sadeleştirme_Yorum
332,LGS,2024,Kareköklü İfadeler,Problem Çözme,Problem,Orta,"Kırmızı torbada √28, 3√3, √24; sarı torbada √12, √8, √7 vardır. Her seferinde torbalardan birer sayı çekilip çarpılıyor ve sayılar geri atılıyor. En fazla kaç farklı irrasyonel çarpım elde edilebilir?",5,6,7,8,,C,Deneme,bagimli,"[SORU] Kırmızı torbada √28, 3√3, √24; sarı torbada √12, √8, √7 vardır. Her seferinde torbalardan birer sayı çekilip çarpılıyor ve sayılar geri atılıyor. En fazla kaç farklı irrasyonel çarpım elde edilebilir?
[A] 5
[B] 6
[C] 7
[D] 8
[GÖRSEL] Bu soru görsele bağlıdır.",Problem Çözme_Problem
278,LGS,2025,Kareköklü ifadeler,Rasyonelleştirme,Hesaplama,Zor,1/(√2 + 1) + 1/(√3 + √2) + 1/(2 + √3) + ... + 1/(√121 + √120) işleminin sonucu kaçtır?,9,10,11,12,13,B,Kitap,yok,"[SORU] 1/(√2 + 1) + 1/(√3 + √2) + 1/(2 + √3) + ... + 1/(√121 + √120) işleminin sonucu kaçtır?
[A] 9
[B] 10
[C] 11
[D] 12
[E] 13",Rasyonelleştirme_Hesaplama
528,LGS,2025,Kareköklü İfadeler,Alan ve Geometri,Problem,Orta,"Dikdörtgen şeklindeki A, B ve C kağıtları verilmiştir. A kağıdının uzun kenarı 9√2 cm, C kağıdının uzun kenarı 4√3 cm ve B kağıdının kısa kenarı 2 cm'dir. B kağıdı kesilerek alanı tam kare doğal sayı olan eş kareler elde edilecektir. Buna göre elde edilebilecek karelerin sayısı aşağıdakilerden hangisi olamaz?",3,4,5,6,,A,MEB,bagimli,"[SORU] Dikdörtgen şeklindeki A, B ve C kağıtları verilmiştir. A kağıdının uzun kenarı 9√2 cm, C kağıdının uzun kenarı 4√3 cm ve B kağıdının kısa kenarı 2 cm'dir. B kağıdı kesilerek alanı tam kare doğal sayı olan eş kareler elde edilecektir. Buna göre elde edilebilecek karelerin sayısı aşağıdakilerden hangisi olamaz?
[A] 3
[B] 4
[C] 5
[D] 6
[GÖRSEL] Bu soru görsele bağlıdır.",Alan ve Geometri_Problem
247,LGS,2023,Kareköklü ifadeler,Üslü ve Köklü İfadeler,Hesaplama,Orta,"Yukarıdaki kartların ön yüzlerinde birer kareköklü ifade verilmiştir. Her bir kartın arka yüzünde ise ön yüzünde yazan kareköklü ifadenin a√b biçiminde farklı bir gösterimi yazmaktadır. Buna göre, aşağıdakilerden hangisi bu kartlardan herhangi birinin arka yüzüne yazılamaz?",5√28,2√27,2√70,3√20,-,C,MEB,bagimli,"[SORU] Yukarıdaki kartların ön yüzlerinde birer kareköklü ifade verilmiştir. Her bir kartın arka yüzünde ise ön yüzünde yazan kareköklü ifadenin a√b biçiminde farklı bir gösterimi yazmaktadır. Buna göre, aşağıdakilerden hangisi bu kartlardan herhangi birinin arka yüzüne yazılamaz?
[A] 5√28
[B] 2√27
[C] 2√70
[D] 3√20
[E] -
[GÖRSEL] Bu soru görsele bağlıdır.",Üslü ve Köklü İfadeler_Hesaplama
675,LGS,2019,Kareköklü İfadeler,İşlem ve Sadeleştirme,Hesaplama,Kolay,Aşağıdaki eşitliklerden hangisi doğrudur?,√40 = 4√10,√48 = 2√6,√72 = 6√2,√99 = 9√2,,B,MEB,yok,"[SORU] Aşağıdaki eşitliklerden hangisi doğrudur?
[A] √40 = 4√10
[B] √48 = 2√6
[C] √72 = 6√2
[D] √99 = 9√2",İşlem ve Sadeleştirme_Hesaplama
441,LGS,2025,Kareköklü İfadeler,Alan ve Geometri,Problem,Kolay,Alanı √32 cm² olan dikdörtgenin kenarlarından birinin uzunluğu 4 cm olduğuna göre diğer kenarının uzunluğu kaç santimetredir?,√2,√8,6,8,,A,MEB,yok,"[SORU] Alanı √32 cm² olan dikdörtgenin kenarlarından birinin uzunluğu 4 cm olduğuna göre diğer kenarının uzunluğu kaç santimetredir?
[A] √2
[B] √8
[C] 6
[D] 8",Alan ve Geometri_Problem
561,LGS,2025,Kareköklü İfadeler,Problem Çözme,Problem,Kolay,"120 dm ve 150 dm tahtalardan 2√15 ve 3√5 dm parçalar kesiliyor. En çok kaç kitaplık yapılır? (Her kitaplık için 2 mavi, 3 bordo parça lazım)",6,7,8,9,,B,MEB,bagimli,"[SORU] 120 dm ve 150 dm tahtalardan 2√15 ve 3√5 dm parçalar kesiliyor. En çok kaç kitaplık yapılır? (Her kitaplık için 2 mavi, 3 bordo parça lazım)
[A] 6
[B] 7
[C] 8
[D] 9
[GÖRSEL] Bu soru görsele bağlıdır.",Problem Çözme_Problem
652,LGS,2020,Kareköklü İfadeler,Yaklaşık Değer,Yorum,Orta,√5 sayısına en yakın tam sayı aşağıdakilerden hangisidir?,1,2,3,4,,B,MEB,yok,"[SORU] √5 sayısına en yakın tam sayı aşağıdakilerden hangisidir?
[A] 1
[B] 2
[C] 3
[D] 4",Yaklaşık Değer_Yorum
45,LGS,2020,Kareköklü İfadeler,Problem Çözme,Problem,Kolay,Altın oranlı dikdörtgende kısa kenar 2√5 − 2 cm. Uzun kenar kaç cm?,2,√5 − 1,4,2√5,√5 + 1,C,Deneme,yok,"[SORU] Altın oranlı dikdörtgende kısa kenar 2√5 − 2 cm. Uzun kenar kaç cm?
[A] 2
[B] √5 − 1
[C] 4
[D] 2√5
[E] √5 + 1",Problem Çözme_Problem
56,LGS,2020,Kareköklü İfadeler,Denklemler,Hesaplama,Zor,√[x³] · 3⁶ = √[6]n eşitliğinde x kaç olabilir?,1/5,3/5,5/9,8/5,11/5,C,Örnek,yok,"[SORU] √[x³] · 3⁶ = √[6]n eşitliğinde x kaç olabilir?
[A] 1/5
[B] 3/5
[C] 5/9
[D] 8/5
[E] 11/5",Denklemler_Hesaplama
621,LGS,2018,Kareköklü İfadeler,Alan ve Geometri,Yorum,Orta,"Alanı 118 m^2 olan bir evin dikdörtgen biçimindeki odaları ve salonu dışındaki bölümlerinin toplam alanı 34 m^2'dir. Salonun alanı, metrekare cinsinden bir tam kare sayıdır ve odaların alanları toplamından küçüktür. Bu salonun kısa kenarının uzunluğu √18 m olduğuna göre uzun kenarının uzunluğu en fazla kaç metredir?",7√2,6√2,4√2,3√2,,B,MEB,yok,"[SORU] Alanı 118 m^2 olan bir evin dikdörtgen biçimindeki odaları ve salonu dışındaki bölümlerinin toplam alanı 34 m^2'dir. Salonun alanı, metrekare cinsinden bir tam kare sayıdır ve odaların alanları toplamından küçüktür. Bu salonun kısa kenarının uzunluğu √18 m olduğuna göre uzun kenarının uzunluğu en fazla kaç metredir?
[A] 7√2
[B] 6√2
[C] 4√2
[D] 3√2",Alan ve Geometri_Yorum
10,LGS,2020,Kareköklü İfadeler,İşlem ve Sadeleştirme,Hesaplama,Kolay,⁴√2 − √3·√(6√2 + √2) işlemi kaç eşittir?,1,√2,√3,2√2,3√2,A,Kitap,yok,"[SORU] ⁴√2 − √3·√(6√2 + √2) işlemi kaç eşittir?
[A] 1
[B] √2
[C] √3
[D] 2√2
[E] 3√2",İşlem ve Sadeleştirme_Hesaplama
79,LGS,2020,Kareköklü İfadeler,İşlem ve Sadeleştirme,Hesaplama,Zor,(√3 + √2 + √3 − √2)/(√3 + √7) işlemi kaça eşittir?,1,1/√2,√2,2,2√2,C,Deneme,yok,"[SORU] (√3 + √2 + √3 − √2)/(√3 + √7) işlemi kaça eşittir?
[A] 1
[B] 1/√2
[C] √2
[D] 2
[E] 2√2",İşlem ve Sadeleştirme_Hesaplama
207,LGS,2025,Kareköklü İfadeler,Denklemler,Hesaplama,Orta,√(4x − 2y − 6) + ⁴√(3x − y − 1) = 0 ise y kaçtır?,-7,-2,0,3,8,A,Kitap,yok,"[SORU] √(4x − 2y − 6) + ⁴√(3x − y − 1) = 0 ise y kaçtır?
[A] -7
[B] -2
[C] 0
[D] 3
[E] 8",Denklemler_Hesaplama
480,LGS,2025,Kareköklü İfadeler,Alan ve Geometri,Hesaplama,Kolay,"Kenar uzunlukları 8√5 cm ve 6√5 cm olan dikdörtgen şeklindeki bir odanın tabanı, kenar uzunluğu √5 cm olan kare şeklindeki fayanslarla tamamen kaplanacaktır. Bunun için en az kaç tane fayansa ihtiyaç vardır?",60,48,30,24,,B,MEB,yok,"[SORU] Kenar uzunlukları 8√5 cm ve 6√5 cm olan dikdörtgen şeklindeki bir odanın tabanı, kenar uzunluğu √5 cm olan kare şeklindeki fayanslarla tamamen kaplanacaktır. Bunun için en az kaç tane fayansa ihtiyaç vardır?
[A] 60
[B] 48
[C] 30
[D] 24",Alan ve Geometri_Hesaplama
694,LGS,2019,Kareköklü İfadeler,İşlem ve Sadeleştirme,Hesaplama,Orta,a ve b doğal sayılardır. √252 = a√b olduğuna göre b'nin alabileceği en küçük değer kaçtır?,2,6,7,14,,B,MEB,yok,"[SORU] a ve b doğal sayılardır. √252 = a√b olduğuna göre b'nin alabileceği en küçük değer kaçtır?
[A] 2
[B] 6
[C] 7
[D] 14",İşlem ve Sadeleştirme_Hesaplama
222,LGS,2022,Kareköklü ifadeler,Karşılaştırma ve Sıralama,Yorum,Orta,"Aşağıdaki oyun parkurunda birbirine paralel olan başlangıç çizgisi ve mavi çizgi arasındaki uzaklık 5√3 m’dir. Başlangıç çizgisinden Fatih, Yavuz ve Mehmet doğrusal bir çizgi boyunca top yuvarlayacaklardır. Topu, mavi çizgiye en yakın mesafede duran kişi oyunu kazanacaktır. Oyunun sonunda Fatih’in yuvarladığı topun durduğu noktanın mavi çizgiye uzaklığı √3 m, Yavuz’un yuvarladığı topun durduğu noktanın başlangıç çizgisine uzaklığı ise 3√3 m’dir. Bu durumda Fatih birinci, Mehmet ikinci ve Yavuz üçüncü olmuştur. Buna göre, Mehmet’in yuvarladığı topun durduğu noktanın başlangıç çizgisine uzaklığının metre cinsinden değeri aşağıdakilerden hangisidir?",5,7,10,12,-,D,MEB,bagimli,"[SORU] Aşağıdaki oyun parkurunda birbirine paralel olan başlangıç çizgisi ve mavi çizgi arasındaki uzaklık 5√3 m’dir. Başlangıç çizgisinden Fatih, Yavuz ve Mehmet doğrusal bir çizgi boyunca top yuvarlayacaklardır. Topu, mavi çizgiye en yakın mesafede duran kişi oyunu kazanacaktır. Oyunun sonunda Fatih’in yuvarladığı topun durduğu noktanın mavi çizgiye uzaklığı √3 m, Yavuz’un yuvarladığı topun durduğu noktanın başlangıç çizgisine uzaklığı ise 3√3 m’dir. Bu durumda Fatih birinci, Mehmet ikinci ve Yavuz üçüncü olmuştur. Buna göre, Mehmet’in yuvarladığı topun durduğu noktanın başlangıç çizgisine uzaklığının metre cinsinden değeri aşağıdakilerden hangisidir?
[A] 5
[B] 7
[C] 10
[D] 12
[E] -
[GÖRSEL] Bu soru görsele bağlıdır.",Karşılaştırma ve Sıralama_Yorum
181,LGS,2025,Kareköklü İfadeler,Üslü ve Köklü İfadeler,Hesaplama,Kolay,(√4 . ³√3) / ⁶√96 işlemi kaça eşittir?,3,√15,³√12,⁶√6,4,D,Kitap,yok,"[SORU] (√4 . ³√3) / ⁶√96 işlemi kaça eşittir?
[A] 3
[B] √15
[C] ³√12
[D] ⁶√6
[E] 4",Üslü ve Köklü İfadeler_Hesaplama
445,LGS,2025,Kareköklü İfadeler,Tam Sayı / Özel Tanımlar,Yorum,Kolay,Bir basamaklı en büyük tam kare sayı ile üç basamaklı en küçük tam kare sayının toplamı kaçtır?,130,125,116,109,,D,MEB,yok,"[SORU] Bir basamaklı en büyük tam kare sayı ile üç basamaklı en küçük tam kare sayının toplamı kaçtır?
[A] 130
[B] 125
[C] 116
[D] 109",Tam Sayı / Özel Tanımlar_Yorum
153,LGS,2025,Kareköklü İfadeler,Rasyonelleştirme,Hesaplama,Kolay,1/(√2 - 1) + 1/(√2 + 1) işlemi kaça eşittir?,1,√2,4,2√2,9√10,D,Kitap,yok,"[SORU] 1/(√2 - 1) + 1/(√2 + 1) işlemi kaça eşittir?
[A] 1
[B] √2
[C] 4
[D] 2√2
[E] 9√10",Rasyonelleştirme_Hesaplama
70,LGS,2020,Kareköklü İfadeler,Üslü ve Köklü İfadeler,Hesaplama,Zor,³√(8! + 9! + 10!) işlemi kaç ile çarpılırsa sonuç rasyonel sayı olur?,∛21,∛49,∛84,∛111,∛147,C,Deneme,yok,"[SORU] ³√(8! + 9! + 10!) işlemi kaç ile çarpılırsa sonuç rasyonel sayı olur?
[A] ∛21
[B] ∛49
[C] ∛84
[D] ∛111
[E] ∛147",Üslü ve Köklü İfadeler_Hesaplama
262,LGS,2019,Kareköklü ifadeler,Alan ve Geometri,Hesaplama,Orta,Dikdörtgen şeklindeki bir kâğıt aşağıdaki gibi kesilerek kare ve dikdörtgen şeklinde iki kâğıt elde ediliyor. Elde edilen kare şeklindeki kâğıdın bir yüzünün alanı 27 cm² olup dikdörtgen şeklindeki kâğıdın bir yüzünün alanının 3 katına eşittir. Buna göre elde edilen dikdörtgen şeklindeki kâğıdın kısa kenarının uzunluğu kaç santimetredir?,9,2√3,3,√3,-,D,MEB,bagimli,"[SORU] Dikdörtgen şeklindeki bir kâğıt aşağıdaki gibi kesilerek kare ve dikdörtgen şeklinde iki kâğıt elde ediliyor. Elde edilen kare şeklindeki kâğıdın bir yüzünün alanı 27 cm² olup dikdörtgen şeklindeki kâğıdın bir yüzünün alanının 3 katına eşittir. Buna göre elde edilen dikdörtgen şeklindeki kâğıdın kısa kenarının uzunluğu kaç santimetredir?
[A] 9
[B] 2√3
[C] 3
[D] √3
[E] -
[GÖRSEL] Bu soru görsele bağlıdır.",Alan ve Geometri_Hesaplama
182,LGS,2025,Kareköklü İfadeler,Karşılaştırma ve Sıralama,Yorum,Kolay,"a = √3, b = ⁴√10, c = ⁸√90 ise sıralama nasıldır?",a < c < b,b < a < c,c < a < b,c < b < a,a<b<c,A,Kitap,yok,"[SORU] a = √3, b = ⁴√10, c = ⁸√90 ise sıralama nasıldır?
[A] a < c < b
[B] b < a < c
[C] c < a < b
[D] c < b < a
[E] a<b<c",Karşılaştırma ve Sıralama_Yorum
500,LGS,2025,Kareköklü İfadeler,Tam Sayı / Özel Tanımlar,Yorum,Kolay,√18 − √64 + A işleminin sonucu bir tam sayıdır. Buna göre A sayısı aşağıdakilerden hangisi olabilir?,−√46,−3√2,3√2,√46,,B,MEB,yok,"[SORU] √18 − √64 + A işleminin sonucu bir tam sayıdır. Buna göre A sayısı aşağıdakilerden hangisi olabilir?
[A] −√46
[B] −3√2
[C] 3√2
[D] √46",Tam Sayı / Özel Tanımlar_Yorum
5,LGS,2020,Kareköklü İfadeler,İşlem ve Sadeleştirme,Hesaplama,Orta,⁴√2 − √3·√6 + √2 işlemi kaç eşittir?,1,√2,√3,2√3,√6,B,Deneme,yok,"[SORU] ⁴√2 − √3·√6 + √2 işlemi kaç eşittir?
[A] 1
[B] √2
[C] √3
[D] 2√3
[E] √6",İşlem ve Sadeleştirme_Hesaplama
461,LGS,2025,Kareköklü İfadeler,Alan ve Geometri,Problem,Orta,Şekildeki ABCD karesinin alanı 225 cm² ve boyalı bölgenin alanı 81cm²'dir. Buna göre EFGH karesinin bir kenarının uzunluğu kaç santimetredir?,6,12,16,17,,B,MEB,bagimli,"[SORU] Şekildeki ABCD karesinin alanı 225 cm² ve boyalı bölgenin alanı 81cm²'dir. Buna göre EFGH karesinin bir kenarının uzunluğu kaç santimetredir?
[A] 6
[B] 12
[C] 16
[D] 17
[GÖRSEL] Bu soru görsele bağlıdır.",Alan ve Geometri_Problem
628,LGS,2021,Kareköklü İfadeler,Üslü ve Köklü İfadeler,Yorum,Orta,Bir kenar uzunluğu √20 cm olan kare şeklindeki bir levhanın alanı kaç santimetrekaredir?,20,10,5√2,4√5,,A,MEB,yok,"[SORU] Bir kenar uzunluğu √20 cm olan kare şeklindeki bir levhanın alanı kaç santimetrekaredir?
[A] 20
[B] 10
[C] 5√2
[D] 4√5",Üslü ve Köklü İfadeler_Yorum
111,LGS,2022,Kareköklü İfadeler,İşlem ve Sadeleştirme,Hesaplama,Kolay,"Taburenin yüksekliği her tam turda √3 cm artıyor. En kısa 45 cm, en uzun 60 cm. En çok kaç tam tur döndürülmüştür?",6,7,8,9,10,C,MEB,destekleyici,"[SORU] Taburenin yüksekliği her tam turda √3 cm artıyor. En kısa 45 cm, en uzun 60 cm. En çok kaç tam tur döndürülmüştür?
[A] 6
[B] 7
[C] 8
[D] 9
[E] 10",İşlem ve Sadeleştirme_Hesaplama
325,LGS,2024,Kareköklü Sayılar,Karşılaştırma ve Sıralama,Yorum,Kolay,√289 sayısına en az kaç eklenirse √324 sayısından daha büyük bir tam sayı elde edilir?,35,5,2,1,,D,Deneme,yok,"[SORU] √289 sayısına en az kaç eklenirse √324 sayısından daha büyük bir tam sayı elde edilir?
[A] 35
[B] 5
[C] 2
[D] 1",Karşılaştırma ve Sıralama_Yorum
230,LGS,2022,Kareköklü ifadeler,Alan ve Geometri,Hesaplama,Orta,"Kare şeklindeki sarı ve mavi kâğıtlar, birer köşeleri ve birer kenarları Şekil I’deki gibi çakıştırılmıştır. Kâğıtlar Şekil I’deki konumundayken sarı kâğıt sabit kalmak üzere mavi kâğıt yukarı doğru 2 cm hareket ettirildiğinde sarı kâğıdın bir köşesi, mavi kâğıdın kenarının orta noktası ile Şekil II’deki gibi çakışmıştır. Buna göre, Şekil II’de iki köşeyi birleştiren AB doğru parçasının uzunluğu kaç santimetredir?",2√13,2√26,12,15,-,B,MEB,bagimli,"[SORU] Kare şeklindeki sarı ve mavi kâğıtlar, birer köşeleri ve birer kenarları Şekil I’deki gibi çakıştırılmıştır. Kâğıtlar Şekil I’deki konumundayken sarı kâğıt sabit kalmak üzere mavi kâğıt yukarı doğru 2 cm hareket ettirildiğinde sarı kâğıdın bir köşesi, mavi kâğıdın kenarının orta noktası ile Şekil II’deki gibi çakışmıştır. Buna göre, Şekil II’de iki köşeyi birleştiren AB doğru parçasının uzunluğu kaç santimetredir?
[A] 2√13
[B] 2√26
[C] 12
[D] 15
[E] -
[GÖRSEL] Bu soru görsele bağlıdır.",Alan ve Geometri_Hesaplama
648,LGS,2020,Kareköklü İfadeler,Yaklaşık Değer,Yorum,Orta,√99 sayısı hangi iki tam sayı arasındadır?,9-10,8-9,10-11,7-8,,A,MEB,yok,"[SORU] √99 sayısı hangi iki tam sayı arasındadır?
[A] 9-10
[B] 8-9
[C] 10-11
[D] 7-8",Yaklaşık Değer_Yorum
284,LGS,2025,Kareköklü ifadeler,Rasyonelleştirme,Hesaplama,Orta,(2 + √2) / (√2 + 1) − 1/(√2 − 1) işlemi kaça eşittir?,-1,0,√2,2,2√2,A,Kitap,yok,"[SORU] (2 + √2) / (√2 + 1) − 1/(√2 − 1) işlemi kaça eşittir?
[A] -1
[B] 0
[C] √2
[D] 2
[E] 2√2",Rasyonelleştirme_Hesaplama
215,LGS,2021,Kareköklü İfadeler,Alan ve Geometri,Problem,Orta,Dikdörtgen şeklindeki bir kâğıt yukarıdaki gibi kesilerek dikdörtgen şeklinde dört eş parça elde edilmiştir. Bu parçaların kısa kenarları ile uzun kenarları çakıştırılarak aşağıdaki gibi iki farklı şekil oluşturulmuştur. Şekil I’in yüksekliği √192 cm ve Şekil II’nin çevresinin uzunluğu 28√3 cm’dir. Buna göre başlangıçta verilen dikdörtgen şeklindeki kâğıdın bir yüzünün alanı kaç santimetrekaredir?,288,144,96,72,-,B,MEB,bagimli,"[SORU] Dikdörtgen şeklindeki bir kâğıt yukarıdaki gibi kesilerek dikdörtgen şeklinde dört eş parça elde edilmiştir. Bu parçaların kısa kenarları ile uzun kenarları çakıştırılarak aşağıdaki gibi iki farklı şekil oluşturulmuştur. Şekil I’in yüksekliği √192 cm ve Şekil II’nin çevresinin uzunluğu 28√3 cm’dir. Buna göre başlangıçta verilen dikdörtgen şeklindeki kâğıdın bir yüzünün alanı kaç santimetrekaredir?
[A] 288
[B] 144
[C] 96
[D] 72
[E] -
[GÖRSEL] Bu soru görsele bağlıdır.",Alan ve Geometri_Problem
117,LGS,2022,Kareköklü İfadeler,Alan ve Geometri,Hesaplama,Zor,Kare tekerlekli bisiklet. Tekerlek yüzey alanı 1125 cm². Platformda 30 yarım silindir var. A-B yolu kaç cm? (π=3),75√5,150√5,225√5,300√5,375√5,D,MEB,destekleyici,"[SORU] Kare tekerlekli bisiklet. Tekerlek yüzey alanı 1125 cm². Platformda 30 yarım silindir var. A-B yolu kaç cm? (π=3)
[A] 75√5
[B] 150√5
[C] 225√5
[D] 300√5
[E] 375√5",Alan ve Geometri_Hesaplama
411,LGS,2025,Kareköklü İfadeler,Karşılaştırma ve Sıralama,Yorum,Orta,Aşağıda kenar uzunlukları verilen dikdörtgenlerden hangisinin alanı en büyüktür?,"√7 cm, 3√7 cm","2√2 cm, 8√2 cm","2√5 cm, 3√5 cm","3√3 cm, 4√3 cm",,D,MEB,yok,"[SORU] Aşağıda kenar uzunlukları verilen dikdörtgenlerden hangisinin alanı en büyüktür?
[A] √7 cm, 3√7 cm
[B] 2√2 cm, 8√2 cm
[C] 2√5 cm, 3√5 cm
[D] 3√3 cm, 4√3 cm",Karşılaştırma ve Sıralama_Yorum
152,LGS,2025,Kareköklü İfadeler,Rasyonelleştirme,Hesaplama,Kolay,2/(2+√2) + 2/√2 işlemi kaça eşittir?,1/√2,1,√2,2,4√7,D,Kitap,yok,"[SORU] 2/(2+√2) + 2/√2 işlemi kaça eşittir?
[A] 1/√2
[B] 1
[C] √2
[D] 2
[E] 4√7",Rasyonelleştirme_Hesaplama
687,LGS,2019,Kareköklü İfadeler,Karşılaştırma ve Sıralama,Yorum,Orta,"2√10, √17, 3√3 sayılarının küçükten büyüğe doğru sıralanışı aşağıdakilerden hangisidir?",√17 < 3√3 < 2√10,3√3 < √17 < 2√10,√17 < 2√10 < 3√3,3√3 < 2√10 < √17,,D,MEB,yok,"[SORU] 2√10, √17, 3√3 sayılarının küçükten büyüğe doğru sıralanışı aşağıdakilerden hangisidir?
[A] √17 < 3√3 < 2√10
[B] 3√3 < √17 < 2√10
[C] √17 < 2√10 < 3√3
[D] 3√3 < 2√10 < √17",Karşılaştırma ve Sıralama_Yorum
67,LGS,2020,Kareköklü İfadeler,Rasyonelleştirme,Hesaplama,Orta,(√6−√3)/(2−√2) − (5√6)/10 işlemi kaça eşittir?,−√2,0,1,√2,√3,B,Örnek,yok,"[SORU] (√6−√3)/(2−√2) − (5√6)/10 işlemi kaça eşittir?
[A] −√2
[B] 0
[C] 1
[D] √2
[E] √3",Rasyonelleştirme_Hesaplama
371,LGS,2020,Kareköklü İfadeler,İşlem ve Sadeleştirme,Yorum,Kolay,Aşağıdaki eşitliklerden hangisi yanlıştır,-3√4 + 4√3 = 10√3,√2 + √2 + √2 = √18,2√11 − 2√11 = 0,5√2 + 3√3 = 8√5,,A,Örnek,yok,"[SORU] Aşağıdaki eşitliklerden hangisi yanlıştır
[A] -3√4 + 4√3 = 10√3
[B] √2 + √2 + √2 = √18
[C] 2√11 − 2√11 = 0
[D] 5√2 + 3√3 = 8√5",İşlem ve Sadeleştirme_Yorum
432,LGS,2025,Kareköklü İfadeler,Problem Çözme,Problem,Orta,"√288 kilometrelik bir yolun yarısını dakikada √8 kilometre, diğer yarısını dakikada √18 kilometre hızla giden bir araç, bu yolun tamamını kaç dakikada gider?",4,5,6,7,,B,MEB,yok,"[SORU] √288 kilometrelik bir yolun yarısını dakikada √8 kilometre, diğer yarısını dakikada √18 kilometre hızla giden bir araç, bu yolun tamamını kaç dakikada gider?
[A] 4
[B] 5
[C] 6
[D] 7",Problem Çözme_Problem
256,LGS,2025,Kareköklü ifadeler,Problem Çözme,Problem,Kolay,Her adım atışında √3 metre ilerleyen Smith evin kapısından 9 metre uzaktadır. Buna göre kaçıncı adımında evden içeri ilk adımını atmış olur?,4,5,6,7,8,C,Kitap,yok,"[SORU] Her adım atışında √3 metre ilerleyen Smith evin kapısından 9 metre uzaktadır. Buna göre kaçıncı adımında evden içeri ilk adımını atmış olur?
[A] 4
[B] 5
[C] 6
[D] 7
[E] 8",Problem Çözme_Problem
382,LGS,2020,Kareköklü İfadeler,Üslü ve Köklü İfadeler,Yorum,Kolay,"√0,64 sayısı için aşağıdakilerden hangisi yanlıştır?",Değeri 0 ile 1 arasındadır,5 ile çarpımı bir tam sayıdır,"√4,84 sayısı ile toplamı 3'tür","4 sayısı ile çarpımı √2,56'dır",,A,Örnek,yok,"[SORU] √0,64 sayısı için aşağıdakilerden hangisi yanlıştır?
[A] Değeri 0 ile 1 arasındadır
[B] 5 ile çarpımı bir tam sayıdır
[C] √4,84 sayısı ile toplamı 3'tür
[D] 4 sayısı ile çarpımı √2,56'dır",Üslü ve Köklü İfadeler_Yorum
91,LGS,2020,Kareköklü İfadeler,Alan ve Geometri,Problem,Zor,"Yukarıdaki bitişik iki kareden büyük olanın alanı 48 br², küçük olanın alanı 24 br²’dir. Buna göre AB kenarının uzunluğu aşağıdaki aralıkların hangisindedir?","(1, 3/2)","(3/2, 5/2)","(5/2, 3)","(3, 7/2)","(7/2, 9/2)",B,Örnek,bagimli,"[SORU] Yukarıdaki bitişik iki kareden büyük olanın alanı 48 br², küçük olanın alanı 24 br²’dir. Buna göre AB kenarının uzunluğu aşağıdaki aralıkların hangisindedir?
[A] (1, 3/2)
[B] (3/2, 5/2)
[C] (5/2, 3)
[D] (3, 7/2)
[E] (7/2, 9/2)
[GÖRSEL] Bu soru görsele bağlıdır.",Alan ve Geometri_Problem
530,LGS,2025,Kareköklü İfadeler,Karşılaştırma ve Sıralama,Yorum,Zor,"7 eş parçaya ayrılmış sayı doğrusunda √10 kırmızı bölgede, √24 yeşil bölgede olacak şekilde sayılar yerleştiriliyor. Buna göre hangi kareköklü ifade her durumda pembe bölgededir?",√45,√50,√60,√65,,C,MEB,bagimli,"[SORU] 7 eş parçaya ayrılmış sayı doğrusunda √10 kırmızı bölgede, √24 yeşil bölgede olacak şekilde sayılar yerleştiriliyor. Buna göre hangi kareköklü ifade her durumda pembe bölgededir?
[A] √45
[B] √50
[C] √60
[D] √65
[GÖRSEL] Bu soru görsele bağlıdır.",Karşılaştırma ve Sıralama_Yorum
271,LGS,2025,Kareköklü ifadeler,Yaklaşık Değer,Yorum,Zor,"x = √35, y = √17. Buna göre x + y toplamı aşağıdaki aralıkların hangisindedir?","(7,15/2)","(15/2,17/2)","(17/2,19/2)","(19/2,21/2)","(21/2,11)",D,Kitap,yok,"[SORU] x = √35, y = √17. Buna göre x + y toplamı aşağıdaki aralıkların hangisindedir?
[A] (7,15/2)
[B] (15/2,17/2)
[C] (17/2,19/2)
[D] (19/2,21/2)
[E] (21/2,11)",Yaklaşık Değer_Yorum
417,LGS,2025,Kareköklü İfadeler,İşlem ve Sadeleştirme,Hesaplama,Orta,√96 ile aşağıdakilerden hangisinin çarpımı bir doğal sayı değildir?,√24,√54,√72,√150,,C,MEB,yok,"[SORU] √96 ile aşağıdakilerden hangisinin çarpımı bir doğal sayı değildir?
[A] √24
[B] √54
[C] √72
[D] √150",İşlem ve Sadeleştirme_Hesaplama
174,LGS,2025,Kareköklü İfadeler,İşlem ve Sadeleştirme,Hesaplama,Kolay,√20 + 2√12 - (5/√5) - (9/√3) işlemi kaça eşittir?,0,√5 - 1,√3 + 1,√5 + √3,√5 + √2,D,Kitap,yok,"[SORU] √20 + 2√12 - (5/√5) - (9/√3) işlemi kaça eşittir?
[A] 0
[B] √5 - 1
[C] √3 + 1
[D] √5 + √3
[E] √5 + √2",İşlem ve Sadeleştirme_Hesaplama
542,LGS,2025,Kareköklü İfadeler,Karşılaştırma ve Sıralama,Yorum,Zor,"Dokuz kartta köklü ifadeler var. Kartlar değerlerine göre A, B ve C kutularına atılıyor. Koşullara göre x+y+z en az kaçtır?",58,61,62,63,,C,MEB,destekleyici,"[SORU] Dokuz kartta köklü ifadeler var. Kartlar değerlerine göre A, B ve C kutularına atılıyor. Koşullara göre x+y+z en az kaçtır?
[A] 58
[B] 61
[C] 62
[D] 63",Karşılaştırma ve Sıralama_Yorum
691,LGS,2019,Kareköklü İfadeler,İşlem ve Sadeleştirme,Hesaplama,Orta,a ve b doğal sayılardır. a√b = √32 olduğuna göre a + b aşağıdakilerden hangisi olamaz?,33,10,6,5,,A,MEB,yok,"[SORU] a ve b doğal sayılardır. a√b = √32 olduğuna göre a + b aşağıdakilerden hangisi olamaz?
[A] 33
[B] 10
[C] 6
[D] 5",İşlem ve Sadeleştirme_Hesaplama
362,LGS,2020,Kareköklü İfadeler,Alan ve Geometri,Problem,Zor,Yukarıdaki kenar uzunlukları verilen ABC dik üçgeninin alanı ile KLMN dikdörtgeninin alanı birbirine eşittir. Buna göre |KL| kaç santimetredir?,2√3,4√3,6√3,8√3,,B,Deneme,bagimli,"[SORU] Yukarıdaki kenar uzunlukları verilen ABC dik üçgeninin alanı ile KLMN dikdörtgeninin alanı birbirine eşittir. Buna göre |KL| kaç santimetredir?
[A] 2√3
[B] 4√3
[C] 6√3
[D] 8√3
[GÖRSEL] Bu soru görsele bağlıdır.",Alan ve Geometri_Problem
173,LGS,2025,Kareköklü İfadeler,İşlem ve Sadeleştirme,Hesaplama,Kolay,(√(2/5) + √(5/2)) . √10 işlemi kaça eşittir?,1,2,3,7,9,D,Kitap,yok,"[SORU] (√(2/5) + √(5/2)) . √10 işlemi kaça eşittir?
[A] 1
[B] 2
[C] 3
[D] 7
[E] 9",İşlem ve Sadeleştirme_Hesaplama
192,LGS,2025,Kareköklü İfadeler,Denklemler,Hesaplama,Orta,³√(10^x + 10^x + 10^x + 10^x) / ³√(5^x + 5^x) = √2 ise x kaçtır?,1/2,1,2,5/2,10/3,A,Kitap,yok,"[SORU] ³√(10^x + 10^x + 10^x + 10^x) / ³√(5^x + 5^x) = √2 ise x kaçtır?
[A] 1/2
[B] 1
[C] 2
[D] 5/2
[E] 10/3",Denklemler_Hesaplama
72,LGS,2020,Kareköklü İfadeler,Denklemler,Hesaplama,Orta,√(x·√(x·√x)) = ⁴√2 · ⁴√8 ise x kaçtır?,√2/2,³√2,√2,2,2√2,C,Deneme,yok,"[SORU] √(x·√(x·√x)) = ⁴√2 · ⁴√8 ise x kaçtır?
[A] √2/2
[B] ³√2
[C] √2
[D] 2
[E] 2√2",Denklemler_Hesaplama
550,LGS,2025,Kareköklü İfadeler,Yaklaşık Değer,Yorum,Orta,Alanları verilen kare araziler arasında en kısa yolun uzunluğu hangi doğal sayıya yakındır?,15,16,17,18,,B,MEB,bagimli,"[SORU] Alanları verilen kare araziler arasında en kısa yolun uzunluğu hangi doğal sayıya yakındır?
[A] 15
[B] 16
[C] 17
[D] 18
[GÖRSEL] Bu soru görsele bağlıdır.",Yaklaşık Değer_Yorum
283,LGS,2025,Kareköklü ifadeler,İşlem ve Sadeleştirme,Hesaplama,Kolay,(√18 + √8)·√2 + √28/√7 işlemi kaça eşittir?,√21,5√3,10,√65,12,E,Kitap,yok,"[SORU] (√18 + √8)·√2 + √28/√7 işlemi kaça eşittir?
[A] √21
[B] 5√3
[C] 10
[D] √65
[E] 12",İşlem ve Sadeleştirme_Hesaplama
608,LGS,2023,Kareköklü İfadeler,Üslü ve Köklü İfadeler,Yorum,Orta,"Bölme işlemleriyle elde edilen K, L, M ve N ifadelerinden hangisi irrasyonel sayıdır?",K,L,M,N,,D,MEB,bagimli,"[SORU] Bölme işlemleriyle elde edilen K, L, M ve N ifadelerinden hangisi irrasyonel sayıdır?
[A] K
[B] L
[C] M
[D] N
[GÖRSEL] Bu soru görsele bağlıdır.",Üslü ve Köklü İfadeler_Yorum
570,LGS,2025,Kareköklü İfadeler,Problem Çözme,Problem,Zor,"Fotoğraf makinesi net alan derinliği sorusu. Ağaca uzaklık √180 m. Net alan derinliği mesafenin yarısı. Net olan bölge derinliğin 1/3'ü. Net bölgedeki nesnenin uzaklığı (en küçük, en büyük) nedir?","11, 18","11, 17","12, 17","12, 18",,C,MEB,bagimli,"[SORU] Fotoğraf makinesi net alan derinliği sorusu. Ağaca uzaklık √180 m. Net alan derinliği mesafenin yarısı. Net olan bölge derinliğin 1/3'ü. Net bölgedeki nesnenin uzaklığı (en küçük, en büyük) nedir?
[A] 11, 18
[B] 11, 17
[C] 12, 17
[D] 12, 18
[GÖRSEL] Bu soru görsele bağlıdır.",Problem Çözme_Problem
531,LGS,2025,Kareköklü İfadeler,Problem Çözme,Problem,Zor,Dikdörtgen bir kart ve kısa kenarı 7 cm olan bir zarf ile ilgili verilen katlama ve kesme işlemlerine göre zarfın uzun kenarı aşağıdakilerden hangisi olabilir?,2√15,6√2,3√10,4√6,,B,MEB,bagimli,"[SORU] Dikdörtgen bir kart ve kısa kenarı 7 cm olan bir zarf ile ilgili verilen katlama ve kesme işlemlerine göre zarfın uzun kenarı aşağıdakilerden hangisi olabilir?
[A] 2√15
[B] 6√2
[C] 3√10
[D] 4√6
[GÖRSEL] Bu soru görsele bağlıdır.",Problem Çözme_Problem
210,LGS,2025,Kareköklü İfadeler,Üslü ve Köklü İfadeler,Hesaplama,Orta,√((2 − √5)^2) + √((3 − √5)^2) − ⁴√((-2)^4) işlemi aşağıdakilerden hangisine eşittir?,-2,-1,√5,2√5,5,B,Kitap,yok,"[SORU] √((2 − √5)^2) + √((3 − √5)^2) − ⁴√((-2)^4) işlemi aşağıdakilerden hangisine eşittir?
[A] -2
[B] -1
[C] √5
[D] 2√5
[E] 5",Üslü ve Köklü İfadeler_Hesaplama
151,LGS,2025,Kareköklü İfadeler,İşlem ve Sadeleştirme,Hesaplama,Kolay,(√3 - √2) . (√3 + √2) işlemi kaça eşittir?,1,√2,√3,2√2,6√6,A,Kitap,yok,"[SORU] (√3 - √2) . (√3 + √2) işlemi kaça eşittir?
[A] 1
[B] √2
[C] √3
[D] 2√2
[E] 6√6",İşlem ve Sadeleştirme_Hesaplama
513,LGS,2025,Kareköklü İfadeler,Alan ve Geometri,Hesaplama,Kolay,Alanı 200 m² olan dikdörtgen şeklindeki bir bahçenin kenar uzunluklarının oranı 2/5 olduğuna göre bu bahçenin çevresi kaç metredir?,7√10,14√5,14√10,28√5,,D,MEB,yok,"[SORU] Alanı 200 m² olan dikdörtgen şeklindeki bir bahçenin kenar uzunluklarının oranı 2/5 olduğuna göre bu bahçenin çevresi kaç metredir?
[A] 7√10
[B] 14√5
[C] 14√10
[D] 28√5",Alan ve Geometri_Hesaplama
494,LGS,2025,Kareköklü İfadeler,İşlem ve Sadeleştirme,Hesaplama,Kolay,3√18 − 2√32 + √162 işleminin sonucu aşağıdakilerden hangisidir?,8√2,10√2,24√2,26√2,,B,MEB,yok,"[SORU] 3√18 − 2√32 + √162 işleminin sonucu aşağıdakilerden hangisidir?
[A] 8√2
[B] 10√2
[C] 24√2
[D] 26√2",İşlem ve Sadeleştirme_Hesaplama
267,LGS,2025,Kareköklü ifadeler,Üslü ve Köklü İfadeler,Hesaplama,Orta,³√(3 · √9 · ⁴√27) = 3^(x/24) ise x kaçtır?,19,20,21,22,23,A,Kitap,yok,"[SORU] ³√(3 · √9 · ⁴√27) = 3^(x/24) ise x kaçtır?
[A] 19
[B] 20
[C] 21
[D] 22
[E] 23",Üslü ve Köklü İfadeler_Hesaplama
677,LGS,2019,Kareköklü İfadeler,İşlem ve Sadeleştirme,Hesaplama,Orta,Aşağıdakilerden hangisi yanlıştır?,√50 = 5√2,√98 = 7√2,√27 = 3√3,√24 = 3√6,,D,MEB,yok,"[SORU] Aşağıdakilerden hangisi yanlıştır?
[A] √50 = 5√2
[B] √98 = 7√2
[C] √27 = 3√3
[D] √24 = 3√6",İşlem ve Sadeleştirme_Hesaplama
275,LGS,2025,Kareköklü ifadeler,Üslü ve Köklü İfadeler,Hesaplama,Kolay,⁶√3 · ⁴√3 · ¹²√3 işlemi kaça eşittir?,√3/3,1,√3,³√3,3,C,Kitap,yok,"[SORU] ⁶√3 · ⁴√3 · ¹²√3 işlemi kaça eşittir?
[A] √3/3
[B] 1
[C] √3
[D] ³√3
[E] 3",Üslü ve Köklü İfadeler_Hesaplama
322,LGS,2024,Kareköklü İfadeler,Karşılaştırma ve Sıralama,Yorum,Kolay,Raf arası genişlik 14 cm’dir. Kitapları dik koymak şartıyla aşağıdaki kitaplardan hangisi rafa yerleştirilemez?,5√6 cm,3√5 cm,6√5 cm,9√3 cm,,D,Deneme,destekleyici,"[SORU] Raf arası genişlik 14 cm’dir. Kitapları dik koymak şartıyla aşağıdaki kitaplardan hangisi rafa yerleştirilemez?
[A] 5√6 cm
[B] 3√5 cm
[C] 6√5 cm
[D] 9√3 cm",Karşılaştırma ve Sıralama_Yorum
160,LGS,2025,Kareköklü İfadeler,Alan ve Geometri,Problem,Kolay,"Kenar uzunlukları √50, √18 ve √8 cm olan dikdörtgen prizmanın yüzeyinden giden karıncanın alacağı en kısa yol?",√75,√100,√128,√200,√400,D,Kitap,destekleyici,"[SORU] Kenar uzunlukları √50, √18 ve √8 cm olan dikdörtgen prizmanın yüzeyinden giden karıncanın alacağı en kısa yol?
[A] √75
[B] √100
[C] √128
[D] √200
[E] √400",Alan ve Geometri_Problem
408,LGS,2025,Kareköklü İfadeler,İşlem ve Sadeleştirme,Hesaplama,Orta,Aşağıdaki çarpma işlemlerinden hangisinin sonucu bir tam sayı değildir?,5√12 · 4√3,3√6 · 6√2,7√5 · 4√5,6√27 · 3√3,,B,MEB,yok,"[SORU] Aşağıdaki çarpma işlemlerinden hangisinin sonucu bir tam sayı değildir?
[A] 5√12 · 4√3
[B] 3√6 · 6√2
[C] 7√5 · 4√5
[D] 6√27 · 3√3",İşlem ve Sadeleştirme_Hesaplama
623,LGS,2020,Kareköklü İfadeler,Problem Çözme,Yorum,Zor,"Dikdörtgen şeklindeki bir kağıt, alanları santimetrekare cinsinden 10’dan büyük birer tam kare pozitif tam sayıya eşit olan karesel bölgelere şekildeki gibi ayrılmıştır. Eşit alanlı bölgeler aynı harf ile gösterildiğine göre dikdörtgen şeklindeki bu kağıdın bir yüzünün alanı en az kaç santimetrekaredir?",168,255,364,392,,C,MEB,bagimli,"[SORU] Dikdörtgen şeklindeki bir kağıt, alanları santimetrekare cinsinden 10’dan büyük birer tam kare pozitif tam sayıya eşit olan karesel bölgelere şekildeki gibi ayrılmıştır. Eşit alanlı bölgeler aynı harf ile gösterildiğine göre dikdörtgen şeklindeki bu kağıdın bir yüzünün alanı en az kaç santimetrekaredir?
[A] 168
[B] 255
[C] 364
[D] 392
[GÖRSEL] Bu soru görsele bağlıdır.",Problem Çözme_Yorum
333,LGS,2020,Kareköklü İfadeler,Tam Sayı / Özel Tanımlar,Hesaplama,Kolay,Aşağıdakilerden hangisi tam kare doğal sayıdır?,8,27,35,49,,D,Örnek,yok,"[SORU] Aşağıdakilerden hangisi tam kare doğal sayıdır?
[A] 8
[B] 27
[C] 35
[D] 49",Tam Sayı / Özel Tanımlar_Hesaplama
113,LGS,2022,Kareköklü İfadeler,Karşılaştırma ve Sıralama,Problem,Orta,"Uzun atlamada Sude 5m, Zeynep 4.5m uzaklıkta (pist sonuna). Hayat ikisinin arasında. Hayat'ın pist sonuna uzaklığı hangisi olabilir?",2√3,3√2,2√6,3√3,4√2,C,MEB,destekleyici,"[SORU] Uzun atlamada Sude 5m, Zeynep 4.5m uzaklıkta (pist sonuna). Hayat ikisinin arasında. Hayat'ın pist sonuna uzaklığı hangisi olabilir?
[A] 2√3
[B] 3√2
[C] 2√6
[D] 3√3
[E] 4√2",Karşılaştırma ve Sıralama_Problem
120,LGS,2022,Kareköklü İfadeler,Problem Çözme,Hesaplama,Zor,Marangoz. 2√15 dm ve 3√5 dm'lik raflar kesiyor. 120 dm ve 150 dm tahtalar var. En çok kaç kitaplık yapılır?,6,7,8,9,10,B,MEB,yok,"[SORU] Marangoz. 2√15 dm ve 3√5 dm'lik raflar kesiyor. 120 dm ve 150 dm tahtalar var. En çok kaç kitaplık yapılır?
[A] 6
[B] 7
[C] 8
[D] 9
[E] 10",Problem Çözme_Hesaplama
9,LGS,2020,Kareköklü İfadeler,Denklemler,Hesaplama,Zor,√(x−3) − 4√(x−1) = 1 ise x sayısının alabileceği değerler toplamı kaçtır?,2,4,6,8,12,E,Deneme,yok,"[SORU] √(x−3) − 4√(x−1) = 1 ise x sayısının alabileceği değerler toplamı kaçtır?
[A] 2
[B] 4
[C] 6
[D] 8
[E] 12",Denklemler_Hesaplama
468,LGS,2025,Kareköklü İfadeler,Alan ve Geometri,Problem,Orta,"Şekildeki ABCD karesinin alanı 144 cm², EFGH karesinin alanı 81 cm²'dir. |AF| = 19 cm ise taralı şeklin çevresi kaç cm'dir?",34,28,22,18,,C,MEB,bagimli,"[SORU] Şekildeki ABCD karesinin alanı 144 cm², EFGH karesinin alanı 81 cm²'dir. |AF| = 19 cm ise taralı şeklin çevresi kaç cm'dir?
[A] 34
[B] 28
[C] 22
[D] 18
[GÖRSEL] Bu soru görsele bağlıdır.",Alan ve Geometri_Problem
511,LGS,2025,Kareköklü İfadeler,Alan ve Geometri,Hesaplama,Kolay,Yukarıdaki şekilde alanı 108 cm² olan karenin içerisinden alanları 27 cm² ve 12 cm² olan kareler çıkarılmıştır. Buna göre şeklin çevresi kaç santimetredir?,24√3,30√3,34√3,44√3,,C,MEB,bagimli,"[SORU] Yukarıdaki şekilde alanı 108 cm² olan karenin içerisinden alanları 27 cm² ve 12 cm² olan kareler çıkarılmıştır. Buna göre şeklin çevresi kaç santimetredir?
[A] 24√3
[B] 30√3
[C] 34√3
[D] 44√3
[GÖRSEL] Bu soru görsele bağlıdır.",Alan ve Geometri_Hesaplama
177,LGS,2025,Kareköklü İfadeler,Üslü ve Köklü İfadeler,Hesaplama,Kolay,³√((-3)^3) + √((-3)^2) - ⁴√((-2)^4) işlemi kaça eşittir?,-2,-1,0,1,2,A,Kitap,yok,"[SORU] ³√((-3)^3) + √((-3)^2) - ⁴√((-2)^4) işlemi kaça eşittir?
[A] -2
[B] -1
[C] 0
[D] 1
[E] 2",Üslü ve Köklü İfadeler_Hesaplama
110,LGS,2022,Kareköklü İfadeler,Problem Çözme,Problem,Orta,"Tabelada 10 sn yazıyor. Kerem saniyede 1 m hızla, kırmızı yanmadan 2 sn önce (8 saniyede) karşıya geçiyor. Yaya geçidi uzunluğu hangisi olabilir?",3√6,4√5,5√3,6√3,7√2,A,MEB,destekleyici,"[SORU] Tabelada 10 sn yazıyor. Kerem saniyede 1 m hızla, kırmızı yanmadan 2 sn önce (8 saniyede) karşıya geçiyor. Yaya geçidi uzunluğu hangisi olabilir?
[A] 3√6
[B] 4√5
[C] 5√3
[D] 6√3
[E] 7√2",Problem Çözme_Problem
629,LGS,2020,Kareköklü İfadeler,Alan ve Geometri,Yorum,Orta,Alanı 50 cm² olan dikdörtgenin kısa kenarı √2 cm’dir. Buna göre uzun kenarının uzunluğu kaç cm’dir?,25√2,10√2,5√2,20,,C,MEB,yok,"[SORU] Alanı 50 cm² olan dikdörtgenin kısa kenarı √2 cm’dir. Buna göre uzun kenarının uzunluğu kaç cm’dir?
[A] 25√2
[B] 10√2
[C] 5√2
[D] 20",Alan ve Geometri_Yorum
354,LGS,2020,Kareköklü İfadeler,Kök Sadeleştirme,Hesaplama,Kolay,√48 sayısı aşağıdaki sayılardan hangisi ile çarpılırsa sonuç bir doğal sayı olur?,√2,√3,√5,√6,,B,Örnek,yok,"[SORU] √48 sayısı aşağıdaki sayılardan hangisi ile çarpılırsa sonuç bir doğal sayı olur?
[A] √2
[B] √3
[C] √5
[D] √6",Kök Sadeleştirme_Hesaplama
301,LGS,2024,Kareköklü İfadeler,Problem Çözme,Problem,Orta,Yarıçapları √2 br ve √3 br olan iki çember sayı doğrusu üzerinde belirtilen noktalardan tam tur dönüyor. Çemberlerin tur sonunda aldıkları yolların orta noktası hangi iki tam sayı arasındadır?,-2 ile -1,-1 ile 0,0 ile 1,1 ile 2,-,C,Deneme,bagimli,"[SORU] Yarıçapları √2 br ve √3 br olan iki çember sayı doğrusu üzerinde belirtilen noktalardan tam tur dönüyor. Çemberlerin tur sonunda aldıkları yolların orta noktası hangi iki tam sayı arasındadır?
[A] -2 ile -1
[B] -1 ile 0
[C] 0 ile 1
[D] 1 ile 2
[E] -
[GÖRSEL] Bu soru görsele bağlıdır.",Problem Çözme_Problem
147,LGS,2025,Kareköklü İfadeler,Üslü ve Köklü İfadeler,Hesaplama,Kolay,√(2 . ³√4) . ⁶√2 işlemi kaça eşittir?,1,√2,2,2√2,3,C,Kitap,yok,"[SORU] √(2 . ³√4) . ⁶√2 işlemi kaça eşittir?
[A] 1
[B] √2
[C] 2
[D] 2√2
[E] 3",Üslü ve Köklü İfadeler_Hesaplama
131,LGS,2022,Kareköklü İfadeler,Yaklaşık Değer,Problem,Orta,"Mavi bilye √2g, Kırmızı 3√2g. Toplam kütle 19-20g arası, 20'ye yakın. Mavi bilye sayısı hangisi olamaz?",8,6,5,2,1,B,MEB,destekleyici,"[SORU] Mavi bilye √2g, Kırmızı 3√2g. Toplam kütle 19-20g arası, 20'ye yakın. Mavi bilye sayısı hangisi olamaz?
[A] 8
[B] 6
[C] 5
[D] 2
[E] 1",Yaklaşık Değer_Problem
361,LGS,2020,Kareköklü İfadeler,İşlem ve Sadeleştirme,Hesaplama,Orta,√(45/4) · √(5/9) işleminin sonucu kaçtır?,5/4,5/2,15/4,5,,B,Kitap,yok,"[SORU] √(45/4) · √(5/9) işleminin sonucu kaçtır?
[A] 5/4
[B] 5/2
[C] 15/4
[D] 5",İşlem ve Sadeleştirme_Hesaplama
218,LGS,2025,Kareköklü İfadeler,Tam Sayı / Özel Tanımlar,Problem,Orta,"Mert cep telefonunun şifresini girerken şifrenin son basamağını hatırlamadığını fark ediyor. Bunun üzerine şifreyi köklü sayıların tam kısmı olarak karışık sırada not ettiği yandaki kâğıt parçasına bakıyor: ⁵√2, ³√11, 5√3, 2·⁴√5. Buna göre hatırlamadığı son basamak kaçtır?",0,2,4,5,7,B,Kitap,destekleyici,"[SORU] Mert cep telefonunun şifresini girerken şifrenin son basamağını hatırlamadığını fark ediyor. Bunun üzerine şifreyi köklü sayıların tam kısmı olarak karışık sırada not ettiği yandaki kâğıt parçasına bakıyor: ⁵√2, ³√11, 5√3, 2·⁴√5. Buna göre hatırlamadığı son basamak kaçtır?
[A] 0
[B] 2
[C] 4
[D] 5
[E] 7",Tam Sayı / Özel Tanımlar_Problem
232,LGS,2018,Kareköklü İfadeler,Alan ve Geometri,Problem,Zor,"Bir kenarının uzunluğu 10 m olan kare şeklindeki bir bahçenin sadece köşelerinde birer sulama sistemi vardır. Her bir sulama sistemi, bulunduğu köşeye uzaklığı en fazla 4 m olan kısma kadar sulama yapabilmektedir. Bu bahçenin sulama yapılamayan kısmında tabanı kare şeklinde olan bir çardak bulunmaktadır. Bu çardağın tabanının köşegeni ile bahçenin köşegeni çakışıktır. Taban köşegeninin uzunluğu metre cinsinden bir doğal sayı olan bu çardağın taban alanı en fazla kaç metrekaredir?",18,48,52,72,,A,MEB,bagimli,"[SORU] Bir kenarının uzunluğu 10 m olan kare şeklindeki bir bahçenin sadece köşelerinde birer sulama sistemi vardır. Her bir sulama sistemi, bulunduğu köşeye uzaklığı en fazla 4 m olan kısma kadar sulama yapabilmektedir. Bu bahçenin sulama yapılamayan kısmında tabanı kare şeklinde olan bir çardak bulunmaktadır. Bu çardağın tabanının köşegeni ile bahçenin köşegeni çakışıktır. Taban köşegeninin uzunluğu metre cinsinden bir doğal sayı olan bu çardağın taban alanı en fazla kaç metrekaredir?
[A] 18
[B] 48
[C] 52
[D] 72
[GÖRSEL] Bu soru görsele bağlıdır.",Alan ve Geometri_Problem
640,LGS,2020,Kareköklü İfadeler,Yaklaşık Değer,Yorum,Orta,√63 sayısı aşağıdaki hangi iki tam sayı arasındadır?,7-8,6-7,8-9,5-6,,A,MEB,yok,"[SORU] √63 sayısı aşağıdaki hangi iki tam sayı arasındadır?
[A] 7-8
[B] 6-7
[C] 8-9
[D] 5-6",Yaklaşık Değer_Yorum
497,LGS,2025,Kareköklü İfadeler,Denklemler,Hesaplama,Kolay,Δ bir tam sayıdır. Δ√3 − √Δ = 10√3 olduğuna göre Δ kaçtır?,9,12,15,27,,B,MEB,yok,"[SORU] Δ bir tam sayıdır. Δ√3 − √Δ = 10√3 olduğuna göre Δ kaçtır?
[A] 9
[B] 12
[C] 15
[D] 27",Denklemler_Hesaplama
667,LGS,2019,Kareköklü İfadeler,Yaklaşık Değer,Yorum,Orta,"Bir gülle atma yarışmasında atılan güllenin düştüğü yerin başlangıç çizgisine metre cinsinden uzaklığı x ise yarışmacının puanı, √x sayısının en yakın olduğu tam sayı değerine eşit olmaktadır. Bu yarışmada 4 puan alan bir yarışmacının attığı güllenin düştüğü yerin başlangıç çizgisine olan uzaklığı metre cinsinden aşağıdakilerden hangisi olabilir?",10,12,19,21,,C,MEB,yok,"[SORU] Bir gülle atma yarışmasında atılan güllenin düştüğü yerin başlangıç çizgisine metre cinsinden uzaklığı x ise yarışmacının puanı, √x sayısının en yakın olduğu tam sayı değerine eşit olmaktadır. Bu yarışmada 4 puan alan bir yarışmacının attığı güllenin düştüğü yerin başlangıç çizgisine olan uzaklığı metre cinsinden aşağıdakilerden hangisi olabilir?
[A] 10
[B] 12
[C] 19
[D] 21",Yaklaşık Değer_Yorum
624,LGS,2020,Kareköklü İfadeler,Problem Çözme,Yorum,Orta,"Alanı 1050 cm^2 olan kare şeklindeki bir panoya kenarlarından birinin uzunluğu 5’in tam sayı kuvveti, diğerinin uzunluğu 2’nin tam sayı kuvveti olan dikdörtgen şeklindeki bir afiş, pano yüzeyinden taşmayacak şekilde asılacaktır. Buna göre afişin bir yüzünün alanı en fazla kaç santimetrekaredir?",1000,800,640,400,,B,MEB,yok,"[SORU] Alanı 1050 cm^2 olan kare şeklindeki bir panoya kenarlarından birinin uzunluğu 5’in tam sayı kuvveti, diğerinin uzunluğu 2’nin tam sayı kuvveti olan dikdörtgen şeklindeki bir afiş, pano yüzeyinden taşmayacak şekilde asılacaktır. Buna göre afişin bir yüzünün alanı en fazla kaç santimetrekaredir?
[A] 1000
[B] 800
[C] 640
[D] 400",Problem Çözme_Yorum
191,LGS,2025,Kareköklü İfadeler,Üslü ve Köklü İfadeler,Hesaplama,Kolay,"√3 = a, √2 = b ise √12 nin a ve b cinsinden eşiti aşağıdakilerden hangisidir?",a·b²,a²·b,a + b²,a²/b,a·b,A,Kitap,yok,"[SORU] √3 = a, √2 = b ise √12 nin a ve b cinsinden eşiti aşağıdakilerden hangisidir?
[A] a·b²
[B] a²·b
[C] a + b²
[D] a²/b
[E] a·b",Üslü ve Köklü İfadeler_Hesaplama
622,LGS,2020,Kareköklü İfadeler,Karşılaştırma ve Sıralama,Yorum,Orta,"Bir şehrin demir yolu hatları üzerindeki istasyonlar şekilde noktalar ile gösterilmiştir. Aynı hat üzerinde bulunan ardışık iki istasyon arasındaki mesafeler birbirine eşittir. A, B, C istasyonlarından hareket eden K, L ve M trenleri ortak olan D istasyonundan sonra yeşil hattı kullanarak S istasyonuna ulaşıyorlar. Bu trenlerin gittikleri yolların uzunluğuna göre doğru sıralanışı aşağıdakilerden hangisidir?",K > L > M,K > M > L,M > L > K,M > K > L,,D,MEB,bagimli,"[SORU] Bir şehrin demir yolu hatları üzerindeki istasyonlar şekilde noktalar ile gösterilmiştir. Aynı hat üzerinde bulunan ardışık iki istasyon arasındaki mesafeler birbirine eşittir. A, B, C istasyonlarından hareket eden K, L ve M trenleri ortak olan D istasyonundan sonra yeşil hattı kullanarak S istasyonuna ulaşıyorlar. Bu trenlerin gittikleri yolların uzunluğuna göre doğru sıralanışı aşağıdakilerden hangisidir?
[A] K > L > M
[B] K > M > L
[C] M > L > K
[D] M > K > L
[GÖRSEL] Bu soru görsele bağlıdır.",Karşılaştırma ve Sıralama_Yorum
233,LGS,2025,Kareköklü ifadeler,Üslü ve Köklü İfadeler,Hesaplama,Kolay,√(33 + √(10 - ³√1)) işlemi kaça eşittir?,6,8,10,12,16,A,Kitap,yok,"[SORU] √(33 + √(10 - ³√1)) işlemi kaça eşittir?
[A] 6
[B] 8
[C] 10
[D] 12
[E] 16",Üslü ve Köklü İfadeler_Hesaplama
350,LGS,2020,Kareköklü İfadeler,Kök Sadeleştirme,Hesaplama,Orta,Aşağıdakilerden hangisinin değeri diğerlerinden farklıdır?,6√75,10√45,15√20,30√5,,A,Kitap,yok,"[SORU] Aşağıdakilerden hangisinin değeri diğerlerinden farklıdır?
[A] 6√75
[B] 10√45
[C] 15√20
[D] 30√5",Kök Sadeleştirme_Hesaplama
